mc2_mthd_id,acid,exec_ordr,created_date,modified_date,modified_by
1,2,1,"0000-00-00 00:00:00","0000-00-00 00:00:00",dfiler.dfiler.dfiler
1,3,1,"0000-00-00 00:00:00","0000-00-00 00:00:00",dfiler.dfiler.dfiler
1,4,1,"0000-00-00 00:00:00","0000-00-00 00:00:00",dfiler.dfiler.dfiler
1,5,1,"0000-00-00 00:00:00","0000-00-00 00:00:00",dfiler.dfiler.dfiler
1,6,1,"0000-00-00 00:00:00","0000-00-00 00:00:00",dfiler.dfiler.dfiler
1,7,1,"0000-00-00 00:00:00","0000-00-00 00:00:00",dfiler.dfiler.dfiler
1,8,1,"0000-00-00 00:00:00","0000-00-00 00:00:00",dfiler.dfiler.dfiler
1,9,1,"0000-00-00 00:00:00","0000-00-00 00:00:00",dfiler.dfiler.dfiler
1,10,1,"2014-10-24 12:08:55","0000-00-00 00:00:00",dfiler.dfiler.dfiler
1,11,1,"0000-00-00 00:00:00","0000-00-00 00:00:00",dfiler.dfiler.dfiler
1,12,1,"0000-00-00 00:00:00","0000-00-00 00:00:00",dfiler.dfiler.dfiler
1,13,1,"0000-00-00 00:00:00","0000-00-00 00:00:00",dfiler.dfiler.dfiler
1,14,1,"0000-00-00 00:00:00","0000-00-00 00:00:00",dfiler.dfiler.dfiler
1,15,1,"0000-00-00 00:00:00","0000-00-00 00:00:00",dfiler.dfiler.dfiler
1,16,1,"0000-00-00 00:00:00","0000-00-00 00:00:00",dfiler.dfiler.dfiler
1,17,1,"0000-00-00 00:00:00","0000-00-00 00:00:00",dfiler.dfiler.dfiler
1,18,1,"0000-00-00 00:00:00","0000-00-00 00:00:00",dfiler.dfiler.dfiler
1,19,1,"0000-00-00 00:00:00","0000-00-00 00:00:00",dfiler.dfiler.dfiler
1,20,1,"0000-00-00 00:00:00","0000-00-00 00:00:00",dfiler.dfiler.dfiler
1,21,1,"0000-00-00 00:00:00","0000-00-00 00:00:00",dfiler.dfiler.dfiler
1,22,1,"0000-00-00 00:00:00","0000-00-00 00:00:00",dfiler.dfiler.dfiler
1,23,1,"0000-00-00 00:00:00","0000-00-00 00:00:00",dfiler.dfiler.dfiler
1,24,1,"0000-00-00 00:00:00","0000-00-00 00:00:00",dfiler.dfiler.dfiler
1,25,1,"0000-00-00 00:00:00","0000-00-00 00:00:00",dfiler.dfiler.dfiler
1,26,1,"0000-00-00 00:00:00","0000-00-00 00:00:00",dfiler.dfiler.dfiler
1,27,1,"0000-00-00 00:00:00","0000-00-00 00:00:00",dfiler.dfiler.dfiler
1,28,1,"0000-00-00 00:00:00","0000-00-00 00:00:00",dfiler.dfiler.dfiler
1,29,1,"0000-00-00 00:00:00","0000-00-00 00:00:00",dfiler.dfiler.dfiler
1,30,1,"0000-00-00 00:00:00","0000-00-00 00:00:00",dfiler.dfiler.dfiler
1,31,1,"0000-00-00 00:00:00","0000-00-00 00:00:00",dfiler.dfiler.dfiler
1,114,1,"0000-00-00 00:00:00","0000-00-00 00:00:00",dfiler.dfiler.dfiler
1,115,1,"0000-00-00 00:00:00","0000-00-00 00:00:00",dfiler.dfiler.dfiler
1,116,1,"0000-00-00 00:00:00","0000-00-00 00:00:00",dfiler.dfiler.dfiler
1,117,1,"0000-00-00 00:00:00","0000-00-00 00:00:00",dfiler.dfiler.dfiler
1,118,1,"0000-00-00 00:00:00","0000-00-00 00:00:00",dfiler.dfiler.dfiler
1,119,1,"0000-00-00 00:00:00","0000-00-00 00:00:00",dfiler.dfiler.dfiler
1,120,1,"0000-00-00 00:00:00","0000-00-00 00:00:00",dfiler.dfiler.dfiler
1,121,1,"0000-00-00 00:00:00","0000-00-00 00:00:00",dfiler.dfiler.dfiler
1,122,1,"0000-00-00 00:00:00","0000-00-00 00:00:00",dfiler.dfiler.dfiler
1,123,1,"0000-00-00 00:00:00","0000-00-00 00:00:00",dfiler.dfiler.dfiler
1,124,1,"0000-00-00 00:00:00","0000-00-00 00:00:00",dfiler.dfiler.dfiler
1,125,1,"0000-00-00 00:00:00","0000-00-00 00:00:00",dfiler.dfiler.dfiler
1,126,1,"0000-00-00 00:00:00","0000-00-00 00:00:00",dfiler.dfiler.dfiler
1,127,1,"0000-00-00 00:00:00","0000-00-00 00:00:00",dfiler.dfiler.dfiler
1,128,1,"0000-00-00 00:00:00","0000-00-00 00:00:00",dfiler.dfiler.dfiler
1,129,1,"0000-00-00 00:00:00","0000-00-00 00:00:00",dfiler.dfiler.dfiler
1,130,1,"0000-00-00 00:00:00","0000-00-00 00:00:00",dfiler.dfiler.dfiler
1,131,1,"0000-00-00 00:00:00","0000-00-00 00:00:00",dfiler.dfiler.dfiler
1,132,1,"0000-00-00 00:00:00","0000-00-00 00:00:00",dfiler.dfiler.dfiler
1,133,1,"0000-00-00 00:00:00","0000-00-00 00:00:00",dfiler.dfiler.dfiler
1,134,1,"0000-00-00 00:00:00","0000-00-00 00:00:00",dfiler.dfiler.dfiler
1,135,1,"0000-00-00 00:00:00","0000-00-00 00:00:00",dfiler.dfiler.dfiler
1,136,1,"0000-00-00 00:00:00","0000-00-00 00:00:00",dfiler.dfiler.dfiler
1,137,1,"0000-00-00 00:00:00","0000-00-00 00:00:00",dfiler.dfiler.dfiler
1,138,1,"0000-00-00 00:00:00","0000-00-00 00:00:00",dfiler.dfiler.dfiler
1,139,1,"0000-00-00 00:00:00","0000-00-00 00:00:00",dfiler.dfiler.dfiler
1,140,1,"0000-00-00 00:00:00","0000-00-00 00:00:00",dfiler.dfiler.dfiler
1,141,1,"0000-00-00 00:00:00","0000-00-00 00:00:00",dfiler.dfiler.dfiler
1,142,1,"0000-00-00 00:00:00","0000-00-00 00:00:00",dfiler.dfiler.dfiler
1,143,1,"0000-00-00 00:00:00","0000-00-00 00:00:00",dfiler.dfiler.dfiler
1,144,1,"0000-00-00 00:00:00","0000-00-00 00:00:00",dfiler.dfiler.dfiler
1,145,1,"0000-00-00 00:00:00","0000-00-00 00:00:00",dfiler.dfiler.dfiler
1,146,1,"0000-00-00 00:00:00","0000-00-00 00:00:00",dfiler.dfiler.dfiler
1,147,1,"0000-00-00 00:00:00","0000-00-00 00:00:00",dfiler.dfiler.dfiler
1,148,1,"0000-00-00 00:00:00","0000-00-00 00:00:00",dfiler.dfiler.dfiler
1,149,1,"0000-00-00 00:00:00","0000-00-00 00:00:00",dfiler.dfiler.dfiler
1,150,1,"0000-00-00 00:00:00","0000-00-00 00:00:00",dfiler.dfiler.dfiler
1,151,1,"0000-00-00 00:00:00","0000-00-00 00:00:00",dfiler.dfiler.dfiler
1,152,1,"0000-00-00 00:00:00","0000-00-00 00:00:00",dfiler.dfiler.dfiler
1,153,1,"0000-00-00 00:00:00","0000-00-00 00:00:00",dfiler.dfiler.dfiler
1,154,1,"0000-00-00 00:00:00","0000-00-00 00:00:00",dfiler.dfiler.dfiler
1,155,1,"0000-00-00 00:00:00","0000-00-00 00:00:00",dfiler.dfiler.dfiler
1,156,1,"0000-00-00 00:00:00","0000-00-00 00:00:00",dfiler.dfiler.dfiler
1,157,1,"0000-00-00 00:00:00","0000-00-00 00:00:00",dfiler.dfiler.dfiler
1,158,1,"0000-00-00 00:00:00","0000-00-00 00:00:00",dfiler.dfiler.dfiler
1,159,1,"0000-00-00 00:00:00","0000-00-00 00:00:00",dfiler.dfiler.dfiler
1,160,1,"0000-00-00 00:00:00","0000-00-00 00:00:00",dfiler.dfiler.dfiler
1,161,1,"0000-00-00 00:00:00","0000-00-00 00:00:00",dfiler.dfiler.dfiler
1,162,1,"0000-00-00 00:00:00","0000-00-00 00:00:00",dfiler.dfiler.dfiler
1,163,1,"0000-00-00 00:00:00","0000-00-00 00:00:00",dfiler.dfiler.dfiler
1,164,1,"0000-00-00 00:00:00","0000-00-00 00:00:00",dfiler.dfiler.dfiler
1,165,1,"0000-00-00 00:00:00","0000-00-00 00:00:00",dfiler.dfiler.dfiler
1,166,1,"0000-00-00 00:00:00","0000-00-00 00:00:00",dfiler.dfiler.dfiler
1,167,1,"0000-00-00 00:00:00","0000-00-00 00:00:00",dfiler.dfiler.dfiler
1,168,1,"0000-00-00 00:00:00","0000-00-00 00:00:00",dfiler.dfiler.dfiler
1,169,1,"0000-00-00 00:00:00","0000-00-00 00:00:00",dfiler.dfiler.dfiler
1,170,1,"0000-00-00 00:00:00","0000-00-00 00:00:00",dfiler.dfiler.dfiler
1,171,1,"0000-00-00 00:00:00","0000-00-00 00:00:00",dfiler.dfiler.dfiler
1,172,1,"0000-00-00 00:00:00","0000-00-00 00:00:00",dfiler.dfiler.dfiler
1,173,1,"0000-00-00 00:00:00","0000-00-00 00:00:00",dfiler.dfiler.dfiler
1,174,1,"0000-00-00 00:00:00","0000-00-00 00:00:00",dfiler.dfiler.dfiler
1,175,1,"0000-00-00 00:00:00","0000-00-00 00:00:00",dfiler.dfiler.dfiler
1,176,1,"0000-00-00 00:00:00","0000-00-00 00:00:00",dfiler.dfiler.dfiler
1,177,1,"0000-00-00 00:00:00","0000-00-00 00:00:00",dfiler.dfiler.dfiler
1,178,1,"0000-00-00 00:00:00","0000-00-00 00:00:00",dfiler.dfiler.dfiler
1,179,1,"0000-00-00 00:00:00","0000-00-00 00:00:00",dfiler.dfiler.dfiler
1,180,1,"0000-00-00 00:00:00","0000-00-00 00:00:00",dfiler.dfiler.dfiler
1,181,1,"0000-00-00 00:00:00","0000-00-00 00:00:00",dfiler.dfiler.dfiler
1,182,1,"0000-00-00 00:00:00","0000-00-00 00:00:00",dfiler.dfiler.dfiler
1,183,1,"0000-00-00 00:00:00","0000-00-00 00:00:00",dfiler.dfiler.dfiler
1,184,1,"0000-00-00 00:00:00","0000-00-00 00:00:00",dfiler.dfiler.dfiler
1,185,1,"0000-00-00 00:00:00","0000-00-00 00:00:00",dfiler.dfiler.dfiler
1,186,1,"0000-00-00 00:00:00","0000-00-00 00:00:00",dfiler.dfiler.dfiler
1,187,1,"0000-00-00 00:00:00","0000-00-00 00:00:00",dfiler.dfiler.dfiler
1,188,1,"0000-00-00 00:00:00","0000-00-00 00:00:00",dfiler.dfiler.dfiler
1,189,1,"0000-00-00 00:00:00","0000-00-00 00:00:00",dfiler.dfiler.dfiler
1,190,1,"0000-00-00 00:00:00","0000-00-00 00:00:00",dfiler.dfiler.dfiler
1,191,1,"0000-00-00 00:00:00","0000-00-00 00:00:00",dfiler.dfiler.dfiler
1,192,1,"0000-00-00 00:00:00","0000-00-00 00:00:00",dfiler.dfiler.dfiler
1,193,1,"0000-00-00 00:00:00","0000-00-00 00:00:00",dfiler.dfiler.dfiler
1,194,1,"0000-00-00 00:00:00","0000-00-00 00:00:00",dfiler.dfiler.dfiler
1,195,1,"0000-00-00 00:00:00","0000-00-00 00:00:00",dfiler.dfiler.dfiler
1,196,1,"0000-00-00 00:00:00","0000-00-00 00:00:00",dfiler.dfiler.dfiler
1,197,1,"0000-00-00 00:00:00","0000-00-00 00:00:00",dfiler.dfiler.dfiler
1,198,1,"0000-00-00 00:00:00","0000-00-00 00:00:00",dfiler.dfiler.dfiler
1,199,1,"0000-00-00 00:00:00","0000-00-00 00:00:00",dfiler.dfiler.dfiler
1,200,1,"0000-00-00 00:00:00","0000-00-00 00:00:00",dfiler.dfiler.dfiler
1,201,1,"0000-00-00 00:00:00","0000-00-00 00:00:00",dfiler.dfiler.dfiler
1,202,1,"0000-00-00 00:00:00","0000-00-00 00:00:00",dfiler.dfiler.dfiler
1,203,1,"0000-00-00 00:00:00","0000-00-00 00:00:00",dfiler.dfiler.dfiler
1,204,1,"0000-00-00 00:00:00","0000-00-00 00:00:00",dfiler.dfiler.dfiler
1,205,1,"0000-00-00 00:00:00","0000-00-00 00:00:00",dfiler.dfiler.dfiler
1,206,1,"0000-00-00 00:00:00","0000-00-00 00:00:00",dfiler.dfiler.dfiler
1,207,1,"0000-00-00 00:00:00","0000-00-00 00:00:00",dfiler.dfiler.dfiler
1,208,1,"0000-00-00 00:00:00","0000-00-00 00:00:00",dfiler.dfiler.dfiler
1,209,1,"0000-00-00 00:00:00","0000-00-00 00:00:00",dfiler.dfiler.dfiler
1,210,1,"0000-00-00 00:00:00","0000-00-00 00:00:00",dfiler.dfiler.dfiler
1,211,1,"0000-00-00 00:00:00","0000-00-00 00:00:00",dfiler.dfiler.dfiler
1,212,1,"0000-00-00 00:00:00","0000-00-00 00:00:00",dfiler.dfiler.dfiler
1,213,1,"0000-00-00 00:00:00","0000-00-00 00:00:00",dfiler.dfiler.dfiler
1,214,1,"0000-00-00 00:00:00","0000-00-00 00:00:00",dfiler.dfiler.dfiler
1,215,1,"0000-00-00 00:00:00","0000-00-00 00:00:00",dfiler.dfiler.dfiler
1,216,1,"0000-00-00 00:00:00","0000-00-00 00:00:00",dfiler.dfiler.dfiler
1,217,1,"0000-00-00 00:00:00","0000-00-00 00:00:00",dfiler.dfiler.dfiler
1,218,1,"0000-00-00 00:00:00","0000-00-00 00:00:00",dfiler.dfiler.dfiler
1,219,1,"0000-00-00 00:00:00","0000-00-00 00:00:00",dfiler.dfiler.dfiler
1,220,1,"0000-00-00 00:00:00","0000-00-00 00:00:00",dfiler.dfiler.dfiler
1,221,1,"0000-00-00 00:00:00","0000-00-00 00:00:00",dfiler.dfiler.dfiler
1,222,1,"0000-00-00 00:00:00","0000-00-00 00:00:00",dfiler.dfiler.dfiler
1,223,1,"0000-00-00 00:00:00","0000-00-00 00:00:00",dfiler.dfiler.dfiler
1,224,1,"0000-00-00 00:00:00","0000-00-00 00:00:00",dfiler.dfiler.dfiler
1,225,1,"0000-00-00 00:00:00","0000-00-00 00:00:00",dfiler.dfiler.dfiler
1,226,1,"0000-00-00 00:00:00","0000-00-00 00:00:00",dfiler.dfiler.dfiler
1,227,1,"0000-00-00 00:00:00","0000-00-00 00:00:00",dfiler.dfiler.dfiler
1,228,1,"0000-00-00 00:00:00","0000-00-00 00:00:00",dfiler.dfiler.dfiler
1,229,1,"0000-00-00 00:00:00","0000-00-00 00:00:00",dfiler.dfiler.dfiler
1,230,1,"0000-00-00 00:00:00","0000-00-00 00:00:00",dfiler.dfiler.dfiler
1,231,1,"0000-00-00 00:00:00","0000-00-00 00:00:00",dfiler.dfiler.dfiler
1,232,1,"0000-00-00 00:00:00","0000-00-00 00:00:00",dfiler.dfiler.dfiler
1,233,1,"0000-00-00 00:00:00","0000-00-00 00:00:00",dfiler.dfiler.dfiler
1,234,1,"0000-00-00 00:00:00","0000-00-00 00:00:00",dfiler.dfiler.dfiler
1,235,1,"0000-00-00 00:00:00","0000-00-00 00:00:00",dfiler.dfiler.dfiler
1,236,1,"0000-00-00 00:00:00","0000-00-00 00:00:00",dfiler.dfiler.dfiler
1,237,1,"0000-00-00 00:00:00","0000-00-00 00:00:00",dfiler.dfiler.dfiler
1,238,1,"0000-00-00 00:00:00","0000-00-00 00:00:00",dfiler.dfiler.dfiler
1,239,1,"0000-00-00 00:00:00","0000-00-00 00:00:00",dfiler.dfiler.dfiler
1,240,1,"0000-00-00 00:00:00","0000-00-00 00:00:00",dfiler.dfiler.dfiler
1,241,1,"0000-00-00 00:00:00","0000-00-00 00:00:00",dfiler.dfiler.dfiler
1,242,1,"0000-00-00 00:00:00","0000-00-00 00:00:00",dfiler.dfiler.dfiler
1,243,1,"0000-00-00 00:00:00","0000-00-00 00:00:00",dfiler.dfiler.dfiler
1,244,1,"0000-00-00 00:00:00","0000-00-00 00:00:00",dfiler.dfiler.dfiler
1,245,1,"0000-00-00 00:00:00","0000-00-00 00:00:00",dfiler.dfiler.dfiler
1,246,1,"0000-00-00 00:00:00","0000-00-00 00:00:00",dfiler.dfiler.dfiler
1,247,1,"0000-00-00 00:00:00","0000-00-00 00:00:00",dfiler.dfiler.dfiler
1,248,1,"0000-00-00 00:00:00","0000-00-00 00:00:00",dfiler.dfiler.dfiler
1,249,1,"0000-00-00 00:00:00","0000-00-00 00:00:00",dfiler.dfiler.dfiler
1,250,1,"0000-00-00 00:00:00","0000-00-00 00:00:00",dfiler.dfiler.dfiler
1,251,1,"0000-00-00 00:00:00","0000-00-00 00:00:00",dfiler.dfiler.dfiler
1,252,1,"0000-00-00 00:00:00","0000-00-00 00:00:00",dfiler.dfiler.dfiler
1,253,1,"0000-00-00 00:00:00","0000-00-00 00:00:00",dfiler.dfiler.dfiler
1,254,1,"0000-00-00 00:00:00","0000-00-00 00:00:00",dfiler.dfiler.dfiler
1,255,1,"0000-00-00 00:00:00","0000-00-00 00:00:00",dfiler.dfiler.dfiler
1,256,1,"0000-00-00 00:00:00","0000-00-00 00:00:00",dfiler.dfiler.dfiler
1,257,1,"0000-00-00 00:00:00","0000-00-00 00:00:00",dfiler.dfiler.dfiler
1,258,1,"0000-00-00 00:00:00","0000-00-00 00:00:00",dfiler.dfiler.dfiler
1,259,1,"0000-00-00 00:00:00","0000-00-00 00:00:00",dfiler.dfiler.dfiler
1,260,1,"0000-00-00 00:00:00","0000-00-00 00:00:00",dfiler.dfiler.dfiler
1,261,1,"0000-00-00 00:00:00","0000-00-00 00:00:00",dfiler.dfiler.dfiler
1,262,1,"0000-00-00 00:00:00","0000-00-00 00:00:00",dfiler.dfiler.dfiler
1,263,1,"0000-00-00 00:00:00","0000-00-00 00:00:00",dfiler.dfiler.dfiler
1,264,1,"0000-00-00 00:00:00","0000-00-00 00:00:00",dfiler.dfiler.dfiler
1,265,1,"0000-00-00 00:00:00","0000-00-00 00:00:00",dfiler.dfiler.dfiler
1,266,1,"0000-00-00 00:00:00","0000-00-00 00:00:00",dfiler.dfiler.dfiler
1,267,1,"0000-00-00 00:00:00","0000-00-00 00:00:00",dfiler.dfiler.dfiler
1,268,1,"0000-00-00 00:00:00","0000-00-00 00:00:00",dfiler.dfiler.dfiler
1,269,1,"0000-00-00 00:00:00","0000-00-00 00:00:00",dfiler.dfiler.dfiler
1,270,1,"0000-00-00 00:00:00","0000-00-00 00:00:00",dfiler.dfiler.dfiler
1,271,1,"0000-00-00 00:00:00","0000-00-00 00:00:00",dfiler.dfiler.dfiler
1,272,1,"0000-00-00 00:00:00","0000-00-00 00:00:00",dfiler.dfiler.dfiler
1,273,1,"0000-00-00 00:00:00","0000-00-00 00:00:00",dfiler.dfiler.dfiler
1,274,1,"0000-00-00 00:00:00","0000-00-00 00:00:00",dfiler.dfiler.dfiler
1,275,1,"0000-00-00 00:00:00","0000-00-00 00:00:00",dfiler.dfiler.dfiler
1,276,1,"0000-00-00 00:00:00","0000-00-00 00:00:00",dfiler.dfiler.dfiler
1,277,1,"0000-00-00 00:00:00","0000-00-00 00:00:00",dfiler.dfiler.dfiler
1,278,1,"0000-00-00 00:00:00","0000-00-00 00:00:00",dfiler.dfiler.dfiler
1,279,1,"0000-00-00 00:00:00","0000-00-00 00:00:00",dfiler.dfiler.dfiler
1,280,1,"0000-00-00 00:00:00","0000-00-00 00:00:00",dfiler.dfiler.dfiler
1,281,1,"0000-00-00 00:00:00","0000-00-00 00:00:00",dfiler.dfiler.dfiler
1,282,1,"0000-00-00 00:00:00","0000-00-00 00:00:00",dfiler.dfiler.dfiler
1,283,1,"0000-00-00 00:00:00","0000-00-00 00:00:00",dfiler.dfiler.dfiler
1,284,1,"0000-00-00 00:00:00","0000-00-00 00:00:00",dfiler.dfiler.dfiler
1,285,1,"0000-00-00 00:00:00","0000-00-00 00:00:00",dfiler.dfiler.dfiler
1,286,1,"0000-00-00 00:00:00","0000-00-00 00:00:00",dfiler.dfiler.dfiler
1,287,1,"0000-00-00 00:00:00","0000-00-00 00:00:00",dfiler.dfiler.dfiler
1,288,1,"0000-00-00 00:00:00","0000-00-00 00:00:00",dfiler.dfiler.dfiler
1,289,1,"0000-00-00 00:00:00","0000-00-00 00:00:00",dfiler.dfiler.dfiler
1,290,1,"0000-00-00 00:00:00","0000-00-00 00:00:00",dfiler.dfiler.dfiler
1,291,1,"0000-00-00 00:00:00","0000-00-00 00:00:00",dfiler.dfiler.dfiler
1,292,1,"0000-00-00 00:00:00","0000-00-00 00:00:00",dfiler.dfiler.dfiler
1,293,1,"0000-00-00 00:00:00","0000-00-00 00:00:00",dfiler.dfiler.dfiler
1,294,1,"0000-00-00 00:00:00","0000-00-00 00:00:00",dfiler.dfiler.dfiler
1,295,1,"0000-00-00 00:00:00","0000-00-00 00:00:00",dfiler.dfiler.dfiler
1,296,1,"0000-00-00 00:00:00","0000-00-00 00:00:00",dfiler.dfiler.dfiler
1,297,1,"0000-00-00 00:00:00","0000-00-00 00:00:00",dfiler.dfiler.dfiler
1,298,1,"0000-00-00 00:00:00","0000-00-00 00:00:00",dfiler.dfiler.dfiler
1,299,1,"0000-00-00 00:00:00","0000-00-00 00:00:00",dfiler.dfiler.dfiler
1,300,1,"0000-00-00 00:00:00","0000-00-00 00:00:00",dfiler.dfiler.dfiler
1,301,1,"0000-00-00 00:00:00","0000-00-00 00:00:00",dfiler.dfiler.dfiler
1,302,1,"0000-00-00 00:00:00","0000-00-00 00:00:00",dfiler.dfiler.dfiler
1,303,1,"0000-00-00 00:00:00","0000-00-00 00:00:00",dfiler.dfiler.dfiler
1,304,1,"0000-00-00 00:00:00","0000-00-00 00:00:00",dfiler.dfiler.dfiler
1,305,1,"0000-00-00 00:00:00","0000-00-00 00:00:00",dfiler.dfiler.dfiler
1,306,1,"0000-00-00 00:00:00","0000-00-00 00:00:00",dfiler.dfiler.dfiler
1,307,1,"0000-00-00 00:00:00","0000-00-00 00:00:00",dfiler.dfiler.dfiler
1,308,1,"0000-00-00 00:00:00","0000-00-00 00:00:00",dfiler.dfiler.dfiler
1,309,1,"0000-00-00 00:00:00","0000-00-00 00:00:00",dfiler.dfiler.dfiler
1,310,1,"0000-00-00 00:00:00","0000-00-00 00:00:00",dfiler.dfiler.dfiler
1,311,1,"0000-00-00 00:00:00","0000-00-00 00:00:00",dfiler.dfiler.dfiler
1,312,1,"0000-00-00 00:00:00","0000-00-00 00:00:00",dfiler.dfiler.dfiler
1,313,1,"0000-00-00 00:00:00","0000-00-00 00:00:00",dfiler.dfiler.dfiler
1,314,1,"0000-00-00 00:00:00","0000-00-00 00:00:00",dfiler.dfiler.dfiler
1,315,1,"0000-00-00 00:00:00","0000-00-00 00:00:00",dfiler.dfiler.dfiler
1,316,1,"0000-00-00 00:00:00","0000-00-00 00:00:00",dfiler.dfiler.dfiler
1,317,1,"0000-00-00 00:00:00","0000-00-00 00:00:00",dfiler.dfiler.dfiler
1,318,1,"0000-00-00 00:00:00","0000-00-00 00:00:00",dfiler.dfiler.dfiler
1,319,1,"0000-00-00 00:00:00","0000-00-00 00:00:00",dfiler.dfiler.dfiler
1,320,1,"0000-00-00 00:00:00","0000-00-00 00:00:00",dfiler.dfiler.dfiler
1,321,1,"0000-00-00 00:00:00","0000-00-00 00:00:00",dfiler.dfiler.dfiler
1,322,1,"0000-00-00 00:00:00","0000-00-00 00:00:00",dfiler.dfiler.dfiler
1,323,1,"0000-00-00 00:00:00","0000-00-00 00:00:00",dfiler.dfiler.dfiler
1,324,1,"0000-00-00 00:00:00","0000-00-00 00:00:00",dfiler.dfiler.dfiler
1,325,1,"0000-00-00 00:00:00","0000-00-00 00:00:00",dfiler.dfiler.dfiler
1,326,1,"0000-00-00 00:00:00","0000-00-00 00:00:00",dfiler.dfiler.dfiler
1,327,1,"0000-00-00 00:00:00","0000-00-00 00:00:00",dfiler.dfiler.dfiler
1,328,1,"0000-00-00 00:00:00","0000-00-00 00:00:00",dfiler.dfiler.dfiler
1,329,1,"0000-00-00 00:00:00","0000-00-00 00:00:00",dfiler.dfiler.dfiler
1,330,1,"0000-00-00 00:00:00","0000-00-00 00:00:00",dfiler.dfiler.dfiler
1,331,1,"0000-00-00 00:00:00","0000-00-00 00:00:00",dfiler.dfiler.dfiler
1,332,1,"0000-00-00 00:00:00","0000-00-00 00:00:00",dfiler.dfiler.dfiler
1,333,1,"0000-00-00 00:00:00","0000-00-00 00:00:00",dfiler.dfiler.dfiler
1,334,1,"0000-00-00 00:00:00","0000-00-00 00:00:00",dfiler.dfiler.dfiler
1,335,1,"0000-00-00 00:00:00","0000-00-00 00:00:00",dfiler.dfiler.dfiler
1,336,1,"0000-00-00 00:00:00","0000-00-00 00:00:00",dfiler.dfiler.dfiler
1,337,1,"0000-00-00 00:00:00","0000-00-00 00:00:00",dfiler.dfiler.dfiler
1,338,1,"0000-00-00 00:00:00","0000-00-00 00:00:00",dfiler.dfiler.dfiler
1,339,1,"0000-00-00 00:00:00","0000-00-00 00:00:00",dfiler.dfiler.dfiler
1,340,1,"0000-00-00 00:00:00","0000-00-00 00:00:00",dfiler.dfiler.dfiler
1,341,1,"0000-00-00 00:00:00","0000-00-00 00:00:00",dfiler.dfiler.dfiler
1,342,1,"0000-00-00 00:00:00","0000-00-00 00:00:00",dfiler.dfiler.dfiler
1,343,1,"0000-00-00 00:00:00","0000-00-00 00:00:00",dfiler.dfiler.dfiler
1,344,1,"0000-00-00 00:00:00","0000-00-00 00:00:00",dfiler.dfiler.dfiler
1,345,1,"0000-00-00 00:00:00","0000-00-00 00:00:00",dfiler.dfiler.dfiler
1,346,1,"0000-00-00 00:00:00","0000-00-00 00:00:00",dfiler.dfiler.dfiler
1,347,1,"0000-00-00 00:00:00","0000-00-00 00:00:00",dfiler.dfiler.dfiler
1,348,1,"0000-00-00 00:00:00","0000-00-00 00:00:00",dfiler.dfiler.dfiler
1,349,1,"0000-00-00 00:00:00","0000-00-00 00:00:00",dfiler.dfiler.dfiler
1,350,1,"0000-00-00 00:00:00","0000-00-00 00:00:00",dfiler.dfiler.dfiler
1,351,1,"0000-00-00 00:00:00","0000-00-00 00:00:00",dfiler.dfiler.dfiler
1,352,1,"0000-00-00 00:00:00","0000-00-00 00:00:00",dfiler.dfiler.dfiler
1,353,1,"0000-00-00 00:00:00","0000-00-00 00:00:00",dfiler.dfiler.dfiler
1,354,1,"0000-00-00 00:00:00","0000-00-00 00:00:00",dfiler.dfiler.dfiler
1,355,1,"0000-00-00 00:00:00","0000-00-00 00:00:00",dfiler.dfiler.dfiler
1,356,1,"0000-00-00 00:00:00","0000-00-00 00:00:00",dfiler.dfiler.dfiler
1,357,1,"0000-00-00 00:00:00","0000-00-00 00:00:00",dfiler.dfiler.dfiler
1,358,1,"0000-00-00 00:00:00","0000-00-00 00:00:00",dfiler.dfiler.dfiler
1,359,1,"0000-00-00 00:00:00","0000-00-00 00:00:00",dfiler.dfiler.dfiler
1,360,1,"0000-00-00 00:00:00","0000-00-00 00:00:00",dfiler.dfiler.dfiler
1,361,1,"0000-00-00 00:00:00","0000-00-00 00:00:00",dfiler.dfiler.dfiler
1,362,1,"0000-00-00 00:00:00","0000-00-00 00:00:00",dfiler.dfiler.dfiler
1,363,1,"0000-00-00 00:00:00","0000-00-00 00:00:00",dfiler.dfiler.dfiler
1,364,1,"0000-00-00 00:00:00","0000-00-00 00:00:00",dfiler.dfiler.dfiler
1,365,1,"0000-00-00 00:00:00","0000-00-00 00:00:00",dfiler.dfiler.dfiler
1,366,1,"0000-00-00 00:00:00","0000-00-00 00:00:00",dfiler.dfiler.dfiler
1,367,1,"0000-00-00 00:00:00","0000-00-00 00:00:00",dfiler.dfiler.dfiler
1,368,1,"0000-00-00 00:00:00","0000-00-00 00:00:00",dfiler.dfiler.dfiler
1,369,1,"0000-00-00 00:00:00","0000-00-00 00:00:00",dfiler.dfiler.dfiler
1,370,1,"0000-00-00 00:00:00","0000-00-00 00:00:00",dfiler.dfiler.dfiler
1,371,1,"0000-00-00 00:00:00","0000-00-00 00:00:00",dfiler.dfiler.dfiler
1,372,1,"0000-00-00 00:00:00","0000-00-00 00:00:00",dfiler.dfiler.dfiler
1,373,1,"0000-00-00 00:00:00","0000-00-00 00:00:00",dfiler.dfiler.dfiler
1,374,1,"0000-00-00 00:00:00","0000-00-00 00:00:00",dfiler.dfiler.dfiler
1,375,1,"0000-00-00 00:00:00","0000-00-00 00:00:00",dfiler.dfiler.dfiler
1,376,1,"0000-00-00 00:00:00","0000-00-00 00:00:00",dfiler.dfiler.dfiler
1,377,1,"0000-00-00 00:00:00","0000-00-00 00:00:00",dfiler.dfiler.dfiler
1,378,1,"0000-00-00 00:00:00","0000-00-00 00:00:00",dfiler.dfiler.dfiler
1,379,1,"0000-00-00 00:00:00","0000-00-00 00:00:00",dfiler.dfiler.dfiler
1,380,1,"0000-00-00 00:00:00","0000-00-00 00:00:00",dfiler.dfiler.dfiler
1,381,1,"0000-00-00 00:00:00","0000-00-00 00:00:00",dfiler.dfiler.dfiler
1,382,1,"0000-00-00 00:00:00","0000-00-00 00:00:00",dfiler.dfiler.dfiler
1,383,1,"0000-00-00 00:00:00","0000-00-00 00:00:00",dfiler.dfiler.dfiler
1,384,1,"0000-00-00 00:00:00","0000-00-00 00:00:00",dfiler.dfiler.dfiler
1,385,1,"0000-00-00 00:00:00","0000-00-00 00:00:00",dfiler.dfiler.dfiler
1,386,1,"0000-00-00 00:00:00","0000-00-00 00:00:00",dfiler.dfiler.dfiler
1,387,1,"0000-00-00 00:00:00","0000-00-00 00:00:00",dfiler.dfiler.dfiler
1,388,1,"0000-00-00 00:00:00","0000-00-00 00:00:00",dfiler.dfiler.dfiler
1,389,1,"0000-00-00 00:00:00","0000-00-00 00:00:00",dfiler.dfiler.dfiler
1,390,1,"0000-00-00 00:00:00","0000-00-00 00:00:00",dfiler.dfiler.dfiler
1,391,1,"0000-00-00 00:00:00","0000-00-00 00:00:00",dfiler.dfiler.dfiler
1,392,1,"0000-00-00 00:00:00","0000-00-00 00:00:00",dfiler.dfiler.dfiler
1,393,1,"0000-00-00 00:00:00","0000-00-00 00:00:00",dfiler.dfiler.dfiler
1,394,1,"0000-00-00 00:00:00","0000-00-00 00:00:00",dfiler.dfiler.dfiler
1,395,1,"0000-00-00 00:00:00","0000-00-00 00:00:00",dfiler.dfiler.dfiler
1,396,1,"0000-00-00 00:00:00","0000-00-00 00:00:00",dfiler.dfiler.dfiler
1,397,1,"0000-00-00 00:00:00","0000-00-00 00:00:00",dfiler.dfiler.dfiler
1,398,1,"0000-00-00 00:00:00","0000-00-00 00:00:00",dfiler.dfiler.dfiler
1,399,1,"0000-00-00 00:00:00","0000-00-00 00:00:00",dfiler.dfiler.dfiler
1,400,1,"0000-00-00 00:00:00","0000-00-00 00:00:00",dfiler.dfiler.dfiler
1,401,1,"0000-00-00 00:00:00","0000-00-00 00:00:00",dfiler.dfiler.dfiler
1,402,1,"0000-00-00 00:00:00","0000-00-00 00:00:00",dfiler.dfiler.dfiler
1,403,1,"0000-00-00 00:00:00","0000-00-00 00:00:00",dfiler.dfiler.dfiler
1,404,1,"0000-00-00 00:00:00","0000-00-00 00:00:00",dfiler.dfiler.dfiler
1,405,1,"0000-00-00 00:00:00","0000-00-00 00:00:00",dfiler.dfiler.dfiler
1,406,1,"0000-00-00 00:00:00","0000-00-00 00:00:00",dfiler.dfiler.dfiler
1,407,1,"0000-00-00 00:00:00","0000-00-00 00:00:00",dfiler.dfiler.dfiler
1,408,1,"0000-00-00 00:00:00","0000-00-00 00:00:00",dfiler.dfiler.dfiler
1,409,1,"0000-00-00 00:00:00","0000-00-00 00:00:00",dfiler.dfiler.dfiler
1,410,1,"0000-00-00 00:00:00","0000-00-00 00:00:00",dfiler.dfiler.dfiler
1,411,1,"0000-00-00 00:00:00","0000-00-00 00:00:00",dfiler.dfiler.dfiler
1,412,1,"0000-00-00 00:00:00","0000-00-00 00:00:00",dfiler.dfiler.dfiler
1,413,1,"0000-00-00 00:00:00","0000-00-00 00:00:00",dfiler.dfiler.dfiler
1,414,1,"0000-00-00 00:00:00","0000-00-00 00:00:00",dfiler.dfiler.dfiler
1,415,1,"0000-00-00 00:00:00","0000-00-00 00:00:00",dfiler.dfiler.dfiler
1,416,1,"0000-00-00 00:00:00","0000-00-00 00:00:00",dfiler.dfiler.dfiler
1,417,1,"0000-00-00 00:00:00","0000-00-00 00:00:00",dfiler.dfiler.dfiler
1,418,1,"0000-00-00 00:00:00","0000-00-00 00:00:00",dfiler.dfiler.dfiler
1,419,1,"0000-00-00 00:00:00","0000-00-00 00:00:00",dfiler.dfiler.dfiler
1,420,1,"0000-00-00 00:00:00","0000-00-00 00:00:00",dfiler.dfiler.dfiler
1,421,1,"0000-00-00 00:00:00","0000-00-00 00:00:00",dfiler.dfiler.dfiler
1,422,1,"0000-00-00 00:00:00","0000-00-00 00:00:00",dfiler.dfiler.dfiler
1,423,1,"0000-00-00 00:00:00","0000-00-00 00:00:00",dfiler.dfiler.dfiler
1,424,1,"0000-00-00 00:00:00","0000-00-00 00:00:00",dfiler.dfiler.dfiler
1,425,1,"0000-00-00 00:00:00","0000-00-00 00:00:00",dfiler.dfiler.dfiler
1,426,1,"0000-00-00 00:00:00","0000-00-00 00:00:00",dfiler.dfiler.dfiler
1,427,1,"0000-00-00 00:00:00","0000-00-00 00:00:00",dfiler.dfiler.dfiler
1,428,1,"0000-00-00 00:00:00","0000-00-00 00:00:00",dfiler.dfiler.dfiler
1,429,1,"0000-00-00 00:00:00","0000-00-00 00:00:00",dfiler.dfiler.dfiler
1,430,1,"0000-00-00 00:00:00","0000-00-00 00:00:00",dfiler.dfiler.dfiler
1,431,1,"0000-00-00 00:00:00","0000-00-00 00:00:00",dfiler.dfiler.dfiler
1,432,1,"0000-00-00 00:00:00","0000-00-00 00:00:00",dfiler.dfiler.dfiler
1,433,1,"0000-00-00 00:00:00","0000-00-00 00:00:00",dfiler.dfiler.dfiler
1,434,1,"0000-00-00 00:00:00","0000-00-00 00:00:00",dfiler.dfiler.dfiler
1,435,1,"0000-00-00 00:00:00","0000-00-00 00:00:00",dfiler.dfiler.dfiler
1,436,1,"0000-00-00 00:00:00","0000-00-00 00:00:00",dfiler.dfiler.dfiler
1,437,1,"0000-00-00 00:00:00","0000-00-00 00:00:00",dfiler.dfiler.dfiler
1,438,1,"0000-00-00 00:00:00","0000-00-00 00:00:00",dfiler.dfiler.dfiler
1,439,1,"0000-00-00 00:00:00","0000-00-00 00:00:00",dfiler.dfiler.dfiler
1,440,1,"0000-00-00 00:00:00","0000-00-00 00:00:00",dfiler.dfiler.dfiler
1,441,1,"0000-00-00 00:00:00","0000-00-00 00:00:00",dfiler.dfiler.dfiler
1,442,1,"0000-00-00 00:00:00","0000-00-00 00:00:00",dfiler.dfiler.dfiler
1,443,1,"0000-00-00 00:00:00","0000-00-00 00:00:00",dfiler.dfiler.dfiler
1,444,1,"0000-00-00 00:00:00","0000-00-00 00:00:00",dfiler.dfiler.dfiler
1,445,1,"0000-00-00 00:00:00","0000-00-00 00:00:00",dfiler.dfiler.dfiler
1,446,1,"0000-00-00 00:00:00","0000-00-00 00:00:00",dfiler.dfiler.dfiler
1,447,1,"0000-00-00 00:00:00","0000-00-00 00:00:00",dfiler.dfiler.dfiler
1,448,1,"0000-00-00 00:00:00","0000-00-00 00:00:00",dfiler.dfiler.dfiler
1,449,1,"0000-00-00 00:00:00","0000-00-00 00:00:00",dfiler.dfiler.dfiler
1,450,1,"0000-00-00 00:00:00","0000-00-00 00:00:00",dfiler.dfiler.dfiler
1,451,1,"0000-00-00 00:00:00","0000-00-00 00:00:00",dfiler.dfiler.dfiler
1,452,1,"0000-00-00 00:00:00","0000-00-00 00:00:00",dfiler.dfiler.dfiler
1,453,1,"0000-00-00 00:00:00","0000-00-00 00:00:00",dfiler.dfiler.dfiler
1,454,1,"0000-00-00 00:00:00","0000-00-00 00:00:00",dfiler.dfiler.dfiler
1,455,1,"0000-00-00 00:00:00","0000-00-00 00:00:00",dfiler.dfiler.dfiler
1,456,1,"0000-00-00 00:00:00","0000-00-00 00:00:00",dfiler.dfiler.dfiler
1,457,1,"0000-00-00 00:00:00","0000-00-00 00:00:00",dfiler.dfiler.dfiler
1,458,1,"0000-00-00 00:00:00","0000-00-00 00:00:00",dfiler.dfiler.dfiler
1,459,1,"0000-00-00 00:00:00","0000-00-00 00:00:00",dfiler.dfiler.dfiler
1,460,1,"0000-00-00 00:00:00","0000-00-00 00:00:00",dfiler.dfiler.dfiler
1,461,1,"0000-00-00 00:00:00","0000-00-00 00:00:00",dfiler.dfiler.dfiler
1,462,1,"0000-00-00 00:00:00","0000-00-00 00:00:00",dfiler.dfiler.dfiler
1,463,1,"0000-00-00 00:00:00","0000-00-00 00:00:00",dfiler.dfiler.dfiler
1,464,1,"0000-00-00 00:00:00","0000-00-00 00:00:00",dfiler.dfiler.dfiler
1,465,1,"0000-00-00 00:00:00","0000-00-00 00:00:00",dfiler.dfiler.dfiler
1,466,1,"0000-00-00 00:00:00","0000-00-00 00:00:00",dfiler.dfiler.dfiler
1,467,1,"0000-00-00 00:00:00","0000-00-00 00:00:00",dfiler.dfiler.dfiler
1,468,1,"0000-00-00 00:00:00","0000-00-00 00:00:00",dfiler.dfiler.dfiler
1,469,1,"0000-00-00 00:00:00","0000-00-00 00:00:00",dfiler.dfiler.dfiler
1,470,1,"0000-00-00 00:00:00","0000-00-00 00:00:00",dfiler.dfiler.dfiler
1,471,1,"0000-00-00 00:00:00","0000-00-00 00:00:00",dfiler.dfiler.dfiler
1,472,1,"0000-00-00 00:00:00","0000-00-00 00:00:00",dfiler.dfiler.dfiler
1,473,1,"0000-00-00 00:00:00","0000-00-00 00:00:00",dfiler.dfiler.dfiler
1,474,1,"0000-00-00 00:00:00","0000-00-00 00:00:00",dfiler.dfiler.dfiler
1,475,1,"0000-00-00 00:00:00","0000-00-00 00:00:00",dfiler.dfiler.dfiler
1,476,1,"0000-00-00 00:00:00","0000-00-00 00:00:00",dfiler.dfiler.dfiler
1,477,1,"0000-00-00 00:00:00","0000-00-00 00:00:00",dfiler.dfiler.dfiler
1,478,1,"0000-00-00 00:00:00","0000-00-00 00:00:00",dfiler.dfiler.dfiler
1,479,1,"0000-00-00 00:00:00","0000-00-00 00:00:00",dfiler.dfiler.dfiler
1,480,1,"0000-00-00 00:00:00","0000-00-00 00:00:00",dfiler.dfiler.dfiler
1,481,1,"2014-10-03 14:03:49","0000-00-00 00:00:00",dfiler.dfiler.dfiler
1,482,1,"0000-00-00 00:00:00","0000-00-00 00:00:00",dfiler.dfiler.dfiler
1,483,1,"0000-00-00 00:00:00","0000-00-00 00:00:00",dfiler.dfiler.dfiler
1,484,1,"0000-00-00 00:00:00","0000-00-00 00:00:00",dfiler.dfiler.dfiler
1,487,1,"0000-00-00 00:00:00","0000-00-00 00:00:00",dfiler.dfiler.dfiler
1,488,1,"0000-00-00 00:00:00","0000-00-00 00:00:00",dfiler.dfiler.dfiler
1,490,1,"0000-00-00 00:00:00","0000-00-00 00:00:00",dfiler.dfiler.dfiler
1,491,1,"0000-00-00 00:00:00","0000-00-00 00:00:00",dfiler.dfiler.dfiler
1,492,1,"0000-00-00 00:00:00","0000-00-00 00:00:00",dfiler.dfiler.dfiler
1,493,1,"0000-00-00 00:00:00","0000-00-00 00:00:00",dfiler.dfiler.dfiler
1,494,1,"0000-00-00 00:00:00","0000-00-00 00:00:00",dfiler.dfiler.dfiler
1,495,1,"0000-00-00 00:00:00","0000-00-00 00:00:00",dfiler.dfiler.dfiler
1,496,1,"0000-00-00 00:00:00","0000-00-00 00:00:00",dfiler.dfiler.dfiler
1,497,1,"0000-00-00 00:00:00","0000-00-00 00:00:00",dfiler.dfiler.dfiler
1,498,1,"0000-00-00 00:00:00","0000-00-00 00:00:00",dfiler.dfiler.dfiler
1,499,1,"0000-00-00 00:00:00","0000-00-00 00:00:00",dfiler.dfiler.dfiler
1,500,1,"0000-00-00 00:00:00","0000-00-00 00:00:00",dfiler.dfiler.dfiler
1,501,1,"0000-00-00 00:00:00","0000-00-00 00:00:00",dfiler.dfiler.dfiler
1,502,1,"0000-00-00 00:00:00","0000-00-00 00:00:00",dfiler.dfiler.dfiler
1,504,1,"0000-00-00 00:00:00","0000-00-00 00:00:00",dfiler.dfiler.dfiler
1,506,1,"0000-00-00 00:00:00","0000-00-00 00:00:00",dfiler.dfiler.dfiler
1,507,1,"0000-00-00 00:00:00","0000-00-00 00:00:00",dfiler.dfiler.dfiler
1,508,1,"0000-00-00 00:00:00","0000-00-00 00:00:00",dfiler.dfiler.dfiler
1,509,1,"0000-00-00 00:00:00","0000-00-00 00:00:00",dfiler.dfiler.dfiler
1,510,1,"0000-00-00 00:00:00","0000-00-00 00:00:00",dfiler.dfiler.dfiler
1,511,1,"0000-00-00 00:00:00","0000-00-00 00:00:00",dfiler.dfiler.dfiler
1,512,1,"0000-00-00 00:00:00","0000-00-00 00:00:00",dfiler.dfiler.dfiler
1,513,1,"0000-00-00 00:00:00","0000-00-00 00:00:00",dfiler.dfiler.dfiler
1,514,1,"0000-00-00 00:00:00","0000-00-00 00:00:00",dfiler.dfiler.dfiler
1,515,1,"0000-00-00 00:00:00","0000-00-00 00:00:00",dfiler.dfiler.dfiler
1,516,1,"0000-00-00 00:00:00","0000-00-00 00:00:00",dfiler.dfiler.dfiler
1,517,1,"0000-00-00 00:00:00","0000-00-00 00:00:00",dfiler.dfiler.dfiler
1,518,1,"0000-00-00 00:00:00","0000-00-00 00:00:00",dfiler.dfiler.dfiler
1,520,1,"0000-00-00 00:00:00","0000-00-00 00:00:00",dfiler.dfiler.dfiler
1,521,1,"0000-00-00 00:00:00","0000-00-00 00:00:00",dfiler.dfiler.dfiler
1,522,1,"0000-00-00 00:00:00","0000-00-00 00:00:00",dfiler.dfiler.dfiler
1,523,1,"0000-00-00 00:00:00","0000-00-00 00:00:00",dfiler.dfiler.dfiler
1,524,1,"0000-00-00 00:00:00","0000-00-00 00:00:00",dfiler.dfiler.dfiler
1,525,1,"0000-00-00 00:00:00","0000-00-00 00:00:00",dfiler.dfiler.dfiler
1,526,1,"0000-00-00 00:00:00","0000-00-00 00:00:00",dfiler.dfiler.dfiler
1,528,1,"0000-00-00 00:00:00","0000-00-00 00:00:00",dfiler.dfiler.dfiler
1,529,1,"0000-00-00 00:00:00","0000-00-00 00:00:00",dfiler.dfiler.dfiler
1,530,1,"0000-00-00 00:00:00","0000-00-00 00:00:00",dfiler.dfiler.dfiler
1,531,1,"0000-00-00 00:00:00","0000-00-00 00:00:00",dfiler.dfiler.dfiler
1,532,1,"0000-00-00 00:00:00","0000-00-00 00:00:00",dfiler.dfiler.dfiler
1,534,1,"0000-00-00 00:00:00","0000-00-00 00:00:00",dfiler.dfiler.dfiler
1,536,1,"0000-00-00 00:00:00","0000-00-00 00:00:00",dfiler.dfiler.dfiler
1,537,1,"0000-00-00 00:00:00","0000-00-00 00:00:00",dfiler.dfiler.dfiler
1,538,1,"0000-00-00 00:00:00","0000-00-00 00:00:00",dfiler.dfiler.dfiler
1,539,1,"0000-00-00 00:00:00","0000-00-00 00:00:00",dfiler.dfiler.dfiler
1,540,1,"0000-00-00 00:00:00","0000-00-00 00:00:00",dfiler.dfiler.dfiler
1,541,1,"0000-00-00 00:00:00","0000-00-00 00:00:00",dfiler.dfiler.dfiler
1,543,1,"0000-00-00 00:00:00","0000-00-00 00:00:00",dfiler.dfiler.dfiler
1,598,1,"2015-05-29 10:35:15","0000-00-00 00:00:00",Akarmaus.Akarmaus.Akarmaus
1,597,1,"2015-05-29 10:35:15","0000-00-00 00:00:00",Akarmaus.Akarmaus.Akarmaus
1,595,1,"2015-05-29 10:35:15","0000-00-00 00:00:00",Akarmaus.Akarmaus.Akarmaus
1,594,1,"2015-05-29 10:35:15","0000-00-00 00:00:00",Akarmaus.Akarmaus.Akarmaus
1,593,1,"2015-05-29 10:35:15","0000-00-00 00:00:00",Akarmaus.Akarmaus.Akarmaus
1,695,1,"0000-00-00 00:00:00","0000-00-00 00:00:00",dfiler.dfiler.dfiler
1,696,1,"0000-00-00 00:00:00","0000-00-00 00:00:00",dfiler.dfiler.dfiler
1,697,1,"0000-00-00 00:00:00","0000-00-00 00:00:00",dfiler.dfiler.dfiler
1,698,1,"0000-00-00 00:00:00","0000-00-00 00:00:00",dfiler.dfiler.dfiler
1,699,1,"0000-00-00 00:00:00","0000-00-00 00:00:00",dfiler.dfiler.dfiler
1,700,1,"0000-00-00 00:00:00","0000-00-00 00:00:00",dfiler.dfiler.dfiler
1,701,1,"0000-00-00 00:00:00","0000-00-00 00:00:00",dfiler.dfiler.dfiler
1,702,1,"0000-00-00 00:00:00","0000-00-00 00:00:00",dfiler.dfiler.dfiler
1,703,1,"0000-00-00 00:00:00","0000-00-00 00:00:00",dfiler.dfiler.dfiler
1,704,1,"0000-00-00 00:00:00","0000-00-00 00:00:00",dfiler.dfiler.dfiler
1,705,1,"0000-00-00 00:00:00","0000-00-00 00:00:00",dfiler.dfiler.dfiler
1,706,1,"0000-00-00 00:00:00","0000-00-00 00:00:00",dfiler.dfiler.dfiler
1,707,1,"0000-00-00 00:00:00","0000-00-00 00:00:00",dfiler.dfiler.dfiler
1,708,1,"0000-00-00 00:00:00","0000-00-00 00:00:00",dfiler.dfiler.dfiler
1,709,1,"0000-00-00 00:00:00","0000-00-00 00:00:00",dfiler.dfiler.dfiler
1,710,1,"0000-00-00 00:00:00","0000-00-00 00:00:00",dfiler.dfiler.dfiler
1,711,1,"0000-00-00 00:00:00","0000-00-00 00:00:00",dfiler.dfiler.dfiler
1,712,1,"0000-00-00 00:00:00","0000-00-00 00:00:00",dfiler.dfiler.dfiler
1,713,1,"0000-00-00 00:00:00","0000-00-00 00:00:00",dfiler.dfiler.dfiler
1,714,1,"0000-00-00 00:00:00","0000-00-00 00:00:00",dfiler.dfiler.dfiler
1,715,1,"0000-00-00 00:00:00","0000-00-00 00:00:00",dfiler.dfiler.dfiler
1,716,1,"0000-00-00 00:00:00","0000-00-00 00:00:00",dfiler.dfiler.dfiler
1,717,1,"0000-00-00 00:00:00","0000-00-00 00:00:00",dfiler.dfiler.dfiler
1,718,1,"0000-00-00 00:00:00","0000-00-00 00:00:00",dfiler.dfiler.dfiler
1,719,1,"0000-00-00 00:00:00","0000-00-00 00:00:00",dfiler.dfiler.dfiler
1,720,1,"0000-00-00 00:00:00","0000-00-00 00:00:00",dfiler.dfiler.dfiler
1,723,1,"0000-00-00 00:00:00","0000-00-00 00:00:00",dfiler.dfiler.dfiler
1,724,1,"0000-00-00 00:00:00","0000-00-00 00:00:00",dfiler.dfiler.dfiler
1,725,1,"0000-00-00 00:00:00","0000-00-00 00:00:00",dfiler.dfiler.dfiler
1,726,1,"0000-00-00 00:00:00","0000-00-00 00:00:00",dfiler.dfiler.dfiler
1,727,1,"0000-00-00 00:00:00","0000-00-00 00:00:00",dfiler.dfiler.dfiler
1,728,1,"0000-00-00 00:00:00","0000-00-00 00:00:00",dfiler.dfiler.dfiler
1,729,1,"0000-00-00 00:00:00","0000-00-00 00:00:00",dfiler.dfiler.dfiler
1,730,1,"0000-00-00 00:00:00","0000-00-00 00:00:00",dfiler.dfiler.dfiler
1,731,1,"0000-00-00 00:00:00","0000-00-00 00:00:00",dfiler.dfiler.dfiler
1,732,1,"0000-00-00 00:00:00","0000-00-00 00:00:00",dfiler.dfiler.dfiler
1,733,1,"0000-00-00 00:00:00","0000-00-00 00:00:00",dfiler.dfiler.dfiler
1,734,1,"0000-00-00 00:00:00","0000-00-00 00:00:00",dfiler.dfiler.dfiler
1,735,1,"0000-00-00 00:00:00","0000-00-00 00:00:00",dfiler.dfiler.dfiler
1,736,1,"0000-00-00 00:00:00","0000-00-00 00:00:00",dfiler.dfiler.dfiler
1,737,1,"0000-00-00 00:00:00","0000-00-00 00:00:00",dfiler.dfiler.dfiler
1,738,1,"0000-00-00 00:00:00","0000-00-00 00:00:00",dfiler.dfiler.dfiler
1,739,1,"0000-00-00 00:00:00","0000-00-00 00:00:00",dfiler.dfiler.dfiler
1,740,1,"0000-00-00 00:00:00","0000-00-00 00:00:00",dfiler.dfiler.dfiler
1,741,1,"0000-00-00 00:00:00","0000-00-00 00:00:00",dfiler.dfiler.dfiler
1,742,1,"0000-00-00 00:00:00","0000-00-00 00:00:00",dfiler.dfiler.dfiler
1,743,1,"0000-00-00 00:00:00","0000-00-00 00:00:00",dfiler.dfiler.dfiler
1,744,1,"0000-00-00 00:00:00","0000-00-00 00:00:00",dfiler.dfiler.dfiler
1,745,1,"0000-00-00 00:00:00","0000-00-00 00:00:00",dfiler.dfiler.dfiler
1,746,1,"0000-00-00 00:00:00","0000-00-00 00:00:00",dfiler.dfiler.dfiler
1,747,1,"0000-00-00 00:00:00","0000-00-00 00:00:00",dfiler.dfiler.dfiler
1,748,1,"0000-00-00 00:00:00","0000-00-00 00:00:00",dfiler.dfiler.dfiler
1,749,1,"0000-00-00 00:00:00","0000-00-00 00:00:00",dfiler.dfiler.dfiler
1,750,1,"0000-00-00 00:00:00","0000-00-00 00:00:00",dfiler.dfiler.dfiler
1,751,1,"0000-00-00 00:00:00","0000-00-00 00:00:00",dfiler.dfiler.dfiler
1,752,1,"0000-00-00 00:00:00","0000-00-00 00:00:00",dfiler.dfiler.dfiler
1,753,1,"0000-00-00 00:00:00","0000-00-00 00:00:00",dfiler.dfiler.dfiler
1,754,1,"0000-00-00 00:00:00","0000-00-00 00:00:00",dfiler.dfiler.dfiler
1,755,1,"0000-00-00 00:00:00","0000-00-00 00:00:00",dfiler.dfiler.dfiler
1,756,1,"0000-00-00 00:00:00","0000-00-00 00:00:00",dfiler.dfiler.dfiler
1,757,1,"0000-00-00 00:00:00","0000-00-00 00:00:00",dfiler.dfiler.dfiler
1,758,1,"0000-00-00 00:00:00","0000-00-00 00:00:00",dfiler.dfiler.dfiler
1,759,1,"0000-00-00 00:00:00","0000-00-00 00:00:00",dfiler.dfiler.dfiler
1,760,1,"0000-00-00 00:00:00","0000-00-00 00:00:00",dfiler.dfiler.dfiler
1,761,1,"0000-00-00 00:00:00","0000-00-00 00:00:00",dfiler.dfiler.dfiler
1,762,1,"0000-00-00 00:00:00","0000-00-00 00:00:00",dfiler.dfiler.dfiler
1,763,1,"0000-00-00 00:00:00","0000-00-00 00:00:00",dfiler.dfiler.dfiler
1,764,1,"0000-00-00 00:00:00","0000-00-00 00:00:00",dfiler.dfiler.dfiler
1,765,1,"0000-00-00 00:00:00","0000-00-00 00:00:00",dfiler.dfiler.dfiler
17,766,1,"2015-10-05 12:47:56","0000-00-00 00:00:00",mmarti02.mmarti02.mmarti02
1,890,1,"0000-00-00 00:00:00","0000-00-00 00:00:00",dfiler.dfiler.dfiler
1,891,1,"0000-00-00 00:00:00","0000-00-00 00:00:00",dfiler.dfiler.dfiler
1,892,1,"0000-00-00 00:00:00","0000-00-00 00:00:00",dfiler.dfiler.dfiler
1,893,1,"0000-00-00 00:00:00","0000-00-00 00:00:00",dfiler.dfiler.dfiler
1,894,1,"0000-00-00 00:00:00","0000-00-00 00:00:00",dfiler.dfiler.dfiler
1,895,1,"0000-00-00 00:00:00","0000-00-00 00:00:00",dfiler.dfiler.dfiler
1,896,1,"0000-00-00 00:00:00","0000-00-00 00:00:00",dfiler.dfiler.dfiler
1,897,1,"0000-00-00 00:00:00","0000-00-00 00:00:00",dfiler.dfiler.dfiler
1,898,1,"0000-00-00 00:00:00","0000-00-00 00:00:00",dfiler.dfiler.dfiler
1,899,1,"0000-00-00 00:00:00","0000-00-00 00:00:00",dfiler.dfiler.dfiler
1,900,1,"0000-00-00 00:00:00","0000-00-00 00:00:00",dfiler.dfiler.dfiler
1,901,1,"0000-00-00 00:00:00","0000-00-00 00:00:00",dfiler.dfiler.dfiler
1,902,1,"0000-00-00 00:00:00","0000-00-00 00:00:00",dfiler.dfiler.dfiler
1,903,1,"0000-00-00 00:00:00","0000-00-00 00:00:00",dfiler.dfiler.dfiler
1,904,1,"0000-00-00 00:00:00","0000-00-00 00:00:00",dfiler.dfiler.dfiler
1,905,1,"0000-00-00 00:00:00","0000-00-00 00:00:00",dfiler.dfiler.dfiler
1,906,1,"0000-00-00 00:00:00","0000-00-00 00:00:00",dfiler.dfiler.dfiler
1,907,1,"0000-00-00 00:00:00","0000-00-00 00:00:00",dfiler.dfiler.dfiler
1,908,1,"0000-00-00 00:00:00","0000-00-00 00:00:00",dfiler.dfiler.dfiler
1,909,1,"0000-00-00 00:00:00","0000-00-00 00:00:00",dfiler.dfiler.dfiler
1,910,1,"0000-00-00 00:00:00","0000-00-00 00:00:00",dfiler.dfiler.dfiler
1,911,1,"0000-00-00 00:00:00","0000-00-00 00:00:00",dfiler.dfiler.dfiler
1,912,1,"0000-00-00 00:00:00","0000-00-00 00:00:00",dfiler.dfiler.dfiler
1,913,1,"0000-00-00 00:00:00","0000-00-00 00:00:00",dfiler.dfiler.dfiler
1,914,1,"0000-00-00 00:00:00","0000-00-00 00:00:00",dfiler.dfiler.dfiler
1,1061,1,"2015-05-14 16:25:04","0000-00-00 00:00:00",mmarti02.mmarti02.mmarti02
1,956,1,"2015-05-14 16:25:04","0000-00-00 00:00:00",mmarti02.mmarti02.mmarti02
1,955,1,"2015-05-14 16:25:04","0000-00-00 00:00:00",mmarti02.mmarti02.mmarti02
1,954,1,"2015-05-14 16:25:04","0000-00-00 00:00:00",mmarti02.mmarti02.mmarti02
1,953,1,"2015-05-14 16:25:04","0000-00-00 00:00:00",mmarti02.mmarti02.mmarti02
1,952,1,"2015-05-14 16:25:04","0000-00-00 00:00:00",mmarti02.mmarti02.mmarti02
1,951,1,"2015-05-14 16:25:04","0000-00-00 00:00:00",mmarti02.mmarti02.mmarti02
1,950,1,"2015-05-14 16:25:04","0000-00-00 00:00:00",mmarti02.mmarti02.mmarti02
1,949,1,"2015-05-14 16:25:04","0000-00-00 00:00:00",mmarti02.mmarti02.mmarti02
1,948,1,"2015-05-14 16:25:04","0000-00-00 00:00:00",mmarti02.mmarti02.mmarti02
1,947,1,"2015-05-14 16:25:04","0000-00-00 00:00:00",mmarti02.mmarti02.mmarti02
1,946,1,"2015-05-14 16:25:04","0000-00-00 00:00:00",mmarti02.mmarti02.mmarti02
1,945,1,"2015-05-14 16:25:04","0000-00-00 00:00:00",mmarti02.mmarti02.mmarti02
1,944,1,"2015-05-14 16:25:04","0000-00-00 00:00:00",mmarti02.mmarti02.mmarti02
1,943,1,"2015-05-14 16:25:04","0000-00-00 00:00:00",mmarti02.mmarti02.mmarti02
1,942,1,"2015-05-14 16:25:04","0000-00-00 00:00:00",mmarti02.mmarti02.mmarti02
1,941,1,"2015-05-14 16:25:04","0000-00-00 00:00:00",mmarti02.mmarti02.mmarti02
1,940,1,"2015-05-14 16:25:04","0000-00-00 00:00:00",mmarti02.mmarti02.mmarti02
1,963,1,"2015-02-23 13:59:56","0000-00-00 00:00:00",ewatt02.ewatt02.ewatt02
1,964,1,"2015-02-23 14:01:50","0000-00-00 00:00:00",ewatt02.ewatt02.ewatt02
1,965,1,"2015-02-20 14:52:05","0000-00-00 00:00:00",ewatt02.ewatt02.ewatt02
1,939,1,"2015-05-14 16:25:04","0000-00-00 00:00:00",mmarti02.mmarti02.mmarti02
2,32,3,"0000-00-00 00:00:00","0000-00-00 00:00:00",dfiler.dfiler.dfiler
2,33,3,"0000-00-00 00:00:00","0000-00-00 00:00:00",dfiler.dfiler.dfiler
2,34,3,"0000-00-00 00:00:00","0000-00-00 00:00:00",dfiler.dfiler.dfiler
2,35,3,"0000-00-00 00:00:00","0000-00-00 00:00:00",dfiler.dfiler.dfiler
2,36,3,"0000-00-00 00:00:00","0000-00-00 00:00:00",dfiler.dfiler.dfiler
2,37,3,"0000-00-00 00:00:00","0000-00-00 00:00:00",dfiler.dfiler.dfiler
2,38,3,"0000-00-00 00:00:00","0000-00-00 00:00:00",dfiler.dfiler.dfiler
2,39,3,"0000-00-00 00:00:00","0000-00-00 00:00:00",dfiler.dfiler.dfiler
2,40,3,"0000-00-00 00:00:00","0000-00-00 00:00:00",dfiler.dfiler.dfiler
2,41,3,"0000-00-00 00:00:00","0000-00-00 00:00:00",dfiler.dfiler.dfiler
2,42,3,"0000-00-00 00:00:00","0000-00-00 00:00:00",dfiler.dfiler.dfiler
2,43,3,"0000-00-00 00:00:00","0000-00-00 00:00:00",dfiler.dfiler.dfiler
2,44,3,"0000-00-00 00:00:00","0000-00-00 00:00:00",dfiler.dfiler.dfiler
2,45,3,"0000-00-00 00:00:00","0000-00-00 00:00:00",dfiler.dfiler.dfiler
2,46,3,"0000-00-00 00:00:00","0000-00-00 00:00:00",dfiler.dfiler.dfiler
2,47,3,"0000-00-00 00:00:00","0000-00-00 00:00:00",dfiler.dfiler.dfiler
2,48,3,"0000-00-00 00:00:00","0000-00-00 00:00:00",dfiler.dfiler.dfiler
2,49,3,"0000-00-00 00:00:00","0000-00-00 00:00:00",dfiler.dfiler.dfiler
2,50,3,"0000-00-00 00:00:00","0000-00-00 00:00:00",dfiler.dfiler.dfiler
2,51,3,"0000-00-00 00:00:00","0000-00-00 00:00:00",dfiler.dfiler.dfiler
2,52,3,"0000-00-00 00:00:00","0000-00-00 00:00:00",dfiler.dfiler.dfiler
2,53,3,"0000-00-00 00:00:00","0000-00-00 00:00:00",dfiler.dfiler.dfiler
2,54,3,"0000-00-00 00:00:00","0000-00-00 00:00:00",dfiler.dfiler.dfiler
2,55,3,"0000-00-00 00:00:00","0000-00-00 00:00:00",dfiler.dfiler.dfiler
2,56,3,"0000-00-00 00:00:00","0000-00-00 00:00:00",dfiler.dfiler.dfiler
2,57,3,"0000-00-00 00:00:00","0000-00-00 00:00:00",dfiler.dfiler.dfiler
2,58,3,"0000-00-00 00:00:00","0000-00-00 00:00:00",dfiler.dfiler.dfiler
2,59,3,"0000-00-00 00:00:00","0000-00-00 00:00:00",dfiler.dfiler.dfiler
2,60,3,"0000-00-00 00:00:00","0000-00-00 00:00:00",dfiler.dfiler.dfiler
2,61,3,"0000-00-00 00:00:00","0000-00-00 00:00:00",dfiler.dfiler.dfiler
2,62,3,"0000-00-00 00:00:00","0000-00-00 00:00:00",dfiler.dfiler.dfiler
2,63,3,"0000-00-00 00:00:00","0000-00-00 00:00:00",dfiler.dfiler.dfiler
2,64,3,"0000-00-00 00:00:00","0000-00-00 00:00:00",dfiler.dfiler.dfiler
2,65,3,"0000-00-00 00:00:00","0000-00-00 00:00:00",dfiler.dfiler.dfiler
2,66,3,"0000-00-00 00:00:00","0000-00-00 00:00:00",dfiler.dfiler.dfiler
2,67,3,"0000-00-00 00:00:00","0000-00-00 00:00:00",dfiler.dfiler.dfiler
2,68,3,"0000-00-00 00:00:00","0000-00-00 00:00:00",dfiler.dfiler.dfiler
2,69,3,"0000-00-00 00:00:00","0000-00-00 00:00:00",dfiler.dfiler.dfiler
2,70,3,"0000-00-00 00:00:00","0000-00-00 00:00:00",dfiler.dfiler.dfiler
2,71,3,"0000-00-00 00:00:00","0000-00-00 00:00:00",dfiler.dfiler.dfiler
2,72,3,"0000-00-00 00:00:00","0000-00-00 00:00:00",dfiler.dfiler.dfiler
2,73,3,"0000-00-00 00:00:00","0000-00-00 00:00:00",dfiler.dfiler.dfiler
2,74,3,"0000-00-00 00:00:00","0000-00-00 00:00:00",dfiler.dfiler.dfiler
2,75,3,"0000-00-00 00:00:00","0000-00-00 00:00:00",dfiler.dfiler.dfiler
2,76,3,"0000-00-00 00:00:00","0000-00-00 00:00:00",dfiler.dfiler.dfiler
2,77,3,"0000-00-00 00:00:00","0000-00-00 00:00:00",dfiler.dfiler.dfiler
2,78,3,"0000-00-00 00:00:00","0000-00-00 00:00:00",dfiler.dfiler.dfiler
2,79,3,"0000-00-00 00:00:00","0000-00-00 00:00:00",dfiler.dfiler.dfiler
2,80,3,"0000-00-00 00:00:00","0000-00-00 00:00:00",dfiler.dfiler.dfiler
2,81,3,"0000-00-00 00:00:00","0000-00-00 00:00:00",dfiler.dfiler.dfiler
2,82,3,"0000-00-00 00:00:00","0000-00-00 00:00:00",dfiler.dfiler.dfiler
2,83,3,"0000-00-00 00:00:00","0000-00-00 00:00:00",dfiler.dfiler.dfiler
2,84,3,"0000-00-00 00:00:00","0000-00-00 00:00:00",dfiler.dfiler.dfiler
2,85,3,"0000-00-00 00:00:00","0000-00-00 00:00:00",dfiler.dfiler.dfiler
2,86,3,"0000-00-00 00:00:00","0000-00-00 00:00:00",dfiler.dfiler.dfiler
2,87,3,"0000-00-00 00:00:00","0000-00-00 00:00:00",dfiler.dfiler.dfiler
2,88,3,"0000-00-00 00:00:00","0000-00-00 00:00:00",dfiler.dfiler.dfiler
2,89,3,"0000-00-00 00:00:00","0000-00-00 00:00:00",dfiler.dfiler.dfiler
2,90,3,"0000-00-00 00:00:00","0000-00-00 00:00:00",dfiler.dfiler.dfiler
2,91,3,"0000-00-00 00:00:00","0000-00-00 00:00:00",dfiler.dfiler.dfiler
2,92,3,"0000-00-00 00:00:00","0000-00-00 00:00:00",dfiler.dfiler.dfiler
2,93,3,"0000-00-00 00:00:00","0000-00-00 00:00:00",dfiler.dfiler.dfiler
2,94,3,"0000-00-00 00:00:00","0000-00-00 00:00:00",dfiler.dfiler.dfiler
2,95,3,"0000-00-00 00:00:00","0000-00-00 00:00:00",dfiler.dfiler.dfiler
2,96,3,"0000-00-00 00:00:00","0000-00-00 00:00:00",dfiler.dfiler.dfiler
2,97,3,"0000-00-00 00:00:00","0000-00-00 00:00:00",dfiler.dfiler.dfiler
2,98,3,"0000-00-00 00:00:00","0000-00-00 00:00:00",dfiler.dfiler.dfiler
2,99,3,"0000-00-00 00:00:00","0000-00-00 00:00:00",dfiler.dfiler.dfiler
2,100,3,"0000-00-00 00:00:00","0000-00-00 00:00:00",dfiler.dfiler.dfiler
2,101,3,"0000-00-00 00:00:00","0000-00-00 00:00:00",dfiler.dfiler.dfiler
2,102,3,"0000-00-00 00:00:00","0000-00-00 00:00:00",dfiler.dfiler.dfiler
2,103,3,"0000-00-00 00:00:00","0000-00-00 00:00:00",dfiler.dfiler.dfiler
2,104,3,"0000-00-00 00:00:00","0000-00-00 00:00:00",dfiler.dfiler.dfiler
2,105,3,"0000-00-00 00:00:00","0000-00-00 00:00:00",dfiler.dfiler.dfiler
2,106,3,"0000-00-00 00:00:00","0000-00-00 00:00:00",dfiler.dfiler.dfiler
2,107,3,"0000-00-00 00:00:00","0000-00-00 00:00:00",dfiler.dfiler.dfiler
2,108,3,"0000-00-00 00:00:00","0000-00-00 00:00:00",dfiler.dfiler.dfiler
2,109,3,"0000-00-00 00:00:00","0000-00-00 00:00:00",dfiler.dfiler.dfiler
2,110,3,"0000-00-00 00:00:00","0000-00-00 00:00:00",dfiler.dfiler.dfiler
2,111,3,"0000-00-00 00:00:00","0000-00-00 00:00:00",dfiler.dfiler.dfiler
2,112,3,"0000-00-00 00:00:00","0000-00-00 00:00:00",dfiler.dfiler.dfiler
2,113,3,"0000-00-00 00:00:00","0000-00-00 00:00:00",dfiler.dfiler.dfiler
2,915,3,"0000-00-00 00:00:00","0000-00-00 00:00:00",dfiler.dfiler.dfiler
2,916,3,"0000-00-00 00:00:00","0000-00-00 00:00:00",dfiler.dfiler.dfiler
2,917,3,"0000-00-00 00:00:00","0000-00-00 00:00:00",dfiler.dfiler.dfiler
2,918,3,"0000-00-00 00:00:00","0000-00-00 00:00:00",dfiler.dfiler.dfiler
2,919,3,"0000-00-00 00:00:00","0000-00-00 00:00:00",dfiler.dfiler.dfiler
2,920,3,"0000-00-00 00:00:00","0000-00-00 00:00:00",dfiler.dfiler.dfiler
2,921,3,"0000-00-00 00:00:00","0000-00-00 00:00:00",dfiler.dfiler.dfiler
2,922,3,"0000-00-00 00:00:00","0000-00-00 00:00:00",dfiler.dfiler.dfiler
2,923,3,"0000-00-00 00:00:00","0000-00-00 00:00:00",dfiler.dfiler.dfiler
2,924,3,"0000-00-00 00:00:00","0000-00-00 00:00:00",dfiler.dfiler.dfiler
2,925,3,"0000-00-00 00:00:00","0000-00-00 00:00:00",dfiler.dfiler.dfiler
2,926,3,"0000-00-00 00:00:00","0000-00-00 00:00:00",dfiler.dfiler.dfiler
2,927,3,"0000-00-00 00:00:00","0000-00-00 00:00:00",dfiler.dfiler.dfiler
2,928,3,"0000-00-00 00:00:00","0000-00-00 00:00:00",dfiler.dfiler.dfiler
2,929,3,"0000-00-00 00:00:00","0000-00-00 00:00:00",dfiler.dfiler.dfiler
2,930,3,"0000-00-00 00:00:00","0000-00-00 00:00:00",dfiler.dfiler.dfiler
2,931,3,"0000-00-00 00:00:00","0000-00-00 00:00:00",dfiler.dfiler.dfiler
2,932,3,"0000-00-00 00:00:00","0000-00-00 00:00:00",dfiler.dfiler.dfiler
2,933,3,"0000-00-00 00:00:00","0000-00-00 00:00:00",dfiler.dfiler.dfiler
2,934,3,"0000-00-00 00:00:00","0000-00-00 00:00:00",dfiler.dfiler.dfiler
2,935,3,"0000-00-00 00:00:00","0000-00-00 00:00:00",dfiler.dfiler.dfiler
2,936,3,"0000-00-00 00:00:00","0000-00-00 00:00:00",dfiler.dfiler.dfiler
2,937,3,"0000-00-00 00:00:00","0000-00-00 00:00:00",dfiler.dfiler.dfiler
2,938,3,"0000-00-00 00:00:00","0000-00-00 00:00:00",dfiler.dfiler.dfiler
3,32,1,"0000-00-00 00:00:00","0000-00-00 00:00:00",dfiler.dfiler.dfiler
3,33,1,"0000-00-00 00:00:00","0000-00-00 00:00:00",dfiler.dfiler.dfiler
3,34,1,"0000-00-00 00:00:00","0000-00-00 00:00:00",dfiler.dfiler.dfiler
3,35,1,"0000-00-00 00:00:00","0000-00-00 00:00:00",dfiler.dfiler.dfiler
3,36,1,"0000-00-00 00:00:00","0000-00-00 00:00:00",dfiler.dfiler.dfiler
3,37,1,"0000-00-00 00:00:00","0000-00-00 00:00:00",dfiler.dfiler.dfiler
3,38,1,"0000-00-00 00:00:00","0000-00-00 00:00:00",dfiler.dfiler.dfiler
3,39,1,"0000-00-00 00:00:00","0000-00-00 00:00:00",dfiler.dfiler.dfiler
3,40,1,"0000-00-00 00:00:00","0000-00-00 00:00:00",dfiler.dfiler.dfiler
3,41,1,"0000-00-00 00:00:00","0000-00-00 00:00:00",dfiler.dfiler.dfiler
3,42,1,"0000-00-00 00:00:00","0000-00-00 00:00:00",dfiler.dfiler.dfiler
3,43,1,"0000-00-00 00:00:00","0000-00-00 00:00:00",dfiler.dfiler.dfiler
3,44,1,"0000-00-00 00:00:00","0000-00-00 00:00:00",dfiler.dfiler.dfiler
3,45,1,"0000-00-00 00:00:00","0000-00-00 00:00:00",dfiler.dfiler.dfiler
3,46,1,"0000-00-00 00:00:00","0000-00-00 00:00:00",dfiler.dfiler.dfiler
3,47,1,"0000-00-00 00:00:00","0000-00-00 00:00:00",dfiler.dfiler.dfiler
3,48,1,"0000-00-00 00:00:00","0000-00-00 00:00:00",dfiler.dfiler.dfiler
3,49,1,"0000-00-00 00:00:00","0000-00-00 00:00:00",dfiler.dfiler.dfiler
3,50,1,"0000-00-00 00:00:00","0000-00-00 00:00:00",dfiler.dfiler.dfiler
3,51,1,"0000-00-00 00:00:00","0000-00-00 00:00:00",dfiler.dfiler.dfiler
3,52,1,"0000-00-00 00:00:00","0000-00-00 00:00:00",dfiler.dfiler.dfiler
3,53,1,"0000-00-00 00:00:00","0000-00-00 00:00:00",dfiler.dfiler.dfiler
3,54,1,"0000-00-00 00:00:00","0000-00-00 00:00:00",dfiler.dfiler.dfiler
3,55,1,"0000-00-00 00:00:00","0000-00-00 00:00:00",dfiler.dfiler.dfiler
3,56,1,"0000-00-00 00:00:00","0000-00-00 00:00:00",dfiler.dfiler.dfiler
3,57,1,"0000-00-00 00:00:00","0000-00-00 00:00:00",dfiler.dfiler.dfiler
3,58,1,"0000-00-00 00:00:00","0000-00-00 00:00:00",dfiler.dfiler.dfiler
3,59,1,"0000-00-00 00:00:00","0000-00-00 00:00:00",dfiler.dfiler.dfiler
3,60,1,"0000-00-00 00:00:00","0000-00-00 00:00:00",dfiler.dfiler.dfiler
3,61,1,"0000-00-00 00:00:00","0000-00-00 00:00:00",dfiler.dfiler.dfiler
3,62,1,"0000-00-00 00:00:00","0000-00-00 00:00:00",dfiler.dfiler.dfiler
3,63,1,"0000-00-00 00:00:00","0000-00-00 00:00:00",dfiler.dfiler.dfiler
3,64,1,"0000-00-00 00:00:00","0000-00-00 00:00:00",dfiler.dfiler.dfiler
3,65,1,"0000-00-00 00:00:00","0000-00-00 00:00:00",dfiler.dfiler.dfiler
3,66,1,"0000-00-00 00:00:00","0000-00-00 00:00:00",dfiler.dfiler.dfiler
3,67,1,"0000-00-00 00:00:00","0000-00-00 00:00:00",dfiler.dfiler.dfiler
3,68,1,"0000-00-00 00:00:00","0000-00-00 00:00:00",dfiler.dfiler.dfiler
3,69,1,"0000-00-00 00:00:00","0000-00-00 00:00:00",dfiler.dfiler.dfiler
3,70,1,"0000-00-00 00:00:00","0000-00-00 00:00:00",dfiler.dfiler.dfiler
3,71,1,"0000-00-00 00:00:00","0000-00-00 00:00:00",dfiler.dfiler.dfiler
3,72,1,"0000-00-00 00:00:00","0000-00-00 00:00:00",dfiler.dfiler.dfiler
3,73,1,"0000-00-00 00:00:00","0000-00-00 00:00:00",dfiler.dfiler.dfiler
3,74,1,"0000-00-00 00:00:00","0000-00-00 00:00:00",dfiler.dfiler.dfiler
3,75,1,"0000-00-00 00:00:00","0000-00-00 00:00:00",dfiler.dfiler.dfiler
3,76,1,"0000-00-00 00:00:00","0000-00-00 00:00:00",dfiler.dfiler.dfiler
3,77,1,"0000-00-00 00:00:00","0000-00-00 00:00:00",dfiler.dfiler.dfiler
3,78,1,"0000-00-00 00:00:00","0000-00-00 00:00:00",dfiler.dfiler.dfiler
3,79,1,"0000-00-00 00:00:00","0000-00-00 00:00:00",dfiler.dfiler.dfiler
3,80,1,"0000-00-00 00:00:00","0000-00-00 00:00:00",dfiler.dfiler.dfiler
3,81,1,"0000-00-00 00:00:00","0000-00-00 00:00:00",dfiler.dfiler.dfiler
3,82,1,"0000-00-00 00:00:00","0000-00-00 00:00:00",dfiler.dfiler.dfiler
3,83,1,"0000-00-00 00:00:00","0000-00-00 00:00:00",dfiler.dfiler.dfiler
3,84,1,"0000-00-00 00:00:00","0000-00-00 00:00:00",dfiler.dfiler.dfiler
3,85,1,"0000-00-00 00:00:00","0000-00-00 00:00:00",dfiler.dfiler.dfiler
3,86,1,"0000-00-00 00:00:00","0000-00-00 00:00:00",dfiler.dfiler.dfiler
3,87,1,"0000-00-00 00:00:00","0000-00-00 00:00:00",dfiler.dfiler.dfiler
3,88,1,"0000-00-00 00:00:00","0000-00-00 00:00:00",dfiler.dfiler.dfiler
3,89,1,"0000-00-00 00:00:00","0000-00-00 00:00:00",dfiler.dfiler.dfiler
3,90,1,"0000-00-00 00:00:00","0000-00-00 00:00:00",dfiler.dfiler.dfiler
3,91,1,"0000-00-00 00:00:00","0000-00-00 00:00:00",dfiler.dfiler.dfiler
3,92,1,"0000-00-00 00:00:00","0000-00-00 00:00:00",dfiler.dfiler.dfiler
3,93,1,"0000-00-00 00:00:00","0000-00-00 00:00:00",dfiler.dfiler.dfiler
3,94,1,"0000-00-00 00:00:00","0000-00-00 00:00:00",dfiler.dfiler.dfiler
3,95,1,"0000-00-00 00:00:00","0000-00-00 00:00:00",dfiler.dfiler.dfiler
3,96,1,"0000-00-00 00:00:00","0000-00-00 00:00:00",dfiler.dfiler.dfiler
3,97,1,"0000-00-00 00:00:00","0000-00-00 00:00:00",dfiler.dfiler.dfiler
3,98,1,"0000-00-00 00:00:00","0000-00-00 00:00:00",dfiler.dfiler.dfiler
3,99,1,"0000-00-00 00:00:00","0000-00-00 00:00:00",dfiler.dfiler.dfiler
3,100,1,"0000-00-00 00:00:00","0000-00-00 00:00:00",dfiler.dfiler.dfiler
3,101,1,"0000-00-00 00:00:00","0000-00-00 00:00:00",dfiler.dfiler.dfiler
3,102,1,"0000-00-00 00:00:00","0000-00-00 00:00:00",dfiler.dfiler.dfiler
3,103,1,"0000-00-00 00:00:00","0000-00-00 00:00:00",dfiler.dfiler.dfiler
3,104,1,"0000-00-00 00:00:00","0000-00-00 00:00:00",dfiler.dfiler.dfiler
3,105,1,"0000-00-00 00:00:00","0000-00-00 00:00:00",dfiler.dfiler.dfiler
3,106,1,"0000-00-00 00:00:00","0000-00-00 00:00:00",dfiler.dfiler.dfiler
3,107,1,"0000-00-00 00:00:00","0000-00-00 00:00:00",dfiler.dfiler.dfiler
3,108,1,"0000-00-00 00:00:00","0000-00-00 00:00:00",dfiler.dfiler.dfiler
3,109,1,"0000-00-00 00:00:00","0000-00-00 00:00:00",dfiler.dfiler.dfiler
3,110,1,"0000-00-00 00:00:00","0000-00-00 00:00:00",dfiler.dfiler.dfiler
3,111,1,"0000-00-00 00:00:00","0000-00-00 00:00:00",dfiler.dfiler.dfiler
3,112,1,"0000-00-00 00:00:00","0000-00-00 00:00:00",dfiler.dfiler.dfiler
3,113,1,"0000-00-00 00:00:00","0000-00-00 00:00:00",dfiler.dfiler.dfiler
3,915,1,"0000-00-00 00:00:00","0000-00-00 00:00:00",dfiler.dfiler.dfiler
3,916,1,"0000-00-00 00:00:00","0000-00-00 00:00:00",dfiler.dfiler.dfiler
3,917,1,"0000-00-00 00:00:00","0000-00-00 00:00:00",dfiler.dfiler.dfiler
3,918,1,"0000-00-00 00:00:00","0000-00-00 00:00:00",dfiler.dfiler.dfiler
3,919,1,"0000-00-00 00:00:00","0000-00-00 00:00:00",dfiler.dfiler.dfiler
3,920,1,"0000-00-00 00:00:00","0000-00-00 00:00:00",dfiler.dfiler.dfiler
3,921,1,"0000-00-00 00:00:00","0000-00-00 00:00:00",dfiler.dfiler.dfiler
3,922,1,"0000-00-00 00:00:00","0000-00-00 00:00:00",dfiler.dfiler.dfiler
3,923,1,"0000-00-00 00:00:00","0000-00-00 00:00:00",dfiler.dfiler.dfiler
3,924,1,"0000-00-00 00:00:00","0000-00-00 00:00:00",dfiler.dfiler.dfiler
3,925,1,"0000-00-00 00:00:00","0000-00-00 00:00:00",dfiler.dfiler.dfiler
3,926,1,"0000-00-00 00:00:00","0000-00-00 00:00:00",dfiler.dfiler.dfiler
3,927,1,"0000-00-00 00:00:00","0000-00-00 00:00:00",dfiler.dfiler.dfiler
3,928,1,"0000-00-00 00:00:00","0000-00-00 00:00:00",dfiler.dfiler.dfiler
3,929,1,"0000-00-00 00:00:00","0000-00-00 00:00:00",dfiler.dfiler.dfiler
3,930,1,"0000-00-00 00:00:00","0000-00-00 00:00:00",dfiler.dfiler.dfiler
3,931,1,"0000-00-00 00:00:00","0000-00-00 00:00:00",dfiler.dfiler.dfiler
3,932,1,"0000-00-00 00:00:00","0000-00-00 00:00:00",dfiler.dfiler.dfiler
3,933,1,"0000-00-00 00:00:00","0000-00-00 00:00:00",dfiler.dfiler.dfiler
3,934,1,"0000-00-00 00:00:00","0000-00-00 00:00:00",dfiler.dfiler.dfiler
3,935,1,"0000-00-00 00:00:00","0000-00-00 00:00:00",dfiler.dfiler.dfiler
3,936,1,"0000-00-00 00:00:00","0000-00-00 00:00:00",dfiler.dfiler.dfiler
3,937,1,"0000-00-00 00:00:00","0000-00-00 00:00:00",dfiler.dfiler.dfiler
3,938,1,"0000-00-00 00:00:00","0000-00-00 00:00:00",dfiler.dfiler.dfiler
4,32,2,"0000-00-00 00:00:00","0000-00-00 00:00:00",dfiler.dfiler.dfiler
4,33,2,"0000-00-00 00:00:00","0000-00-00 00:00:00",dfiler.dfiler.dfiler
4,34,2,"0000-00-00 00:00:00","0000-00-00 00:00:00",dfiler.dfiler.dfiler
4,35,2,"0000-00-00 00:00:00","0000-00-00 00:00:00",dfiler.dfiler.dfiler
4,36,2,"0000-00-00 00:00:00","0000-00-00 00:00:00",dfiler.dfiler.dfiler
4,37,2,"0000-00-00 00:00:00","0000-00-00 00:00:00",dfiler.dfiler.dfiler
4,38,2,"0000-00-00 00:00:00","0000-00-00 00:00:00",dfiler.dfiler.dfiler
4,39,2,"0000-00-00 00:00:00","0000-00-00 00:00:00",dfiler.dfiler.dfiler
4,40,2,"0000-00-00 00:00:00","0000-00-00 00:00:00",dfiler.dfiler.dfiler
4,41,2,"0000-00-00 00:00:00","0000-00-00 00:00:00",dfiler.dfiler.dfiler
4,42,2,"0000-00-00 00:00:00","0000-00-00 00:00:00",dfiler.dfiler.dfiler
4,43,2,"0000-00-00 00:00:00","0000-00-00 00:00:00",dfiler.dfiler.dfiler
4,44,2,"0000-00-00 00:00:00","0000-00-00 00:00:00",dfiler.dfiler.dfiler
4,45,2,"0000-00-00 00:00:00","0000-00-00 00:00:00",dfiler.dfiler.dfiler
4,46,2,"0000-00-00 00:00:00","0000-00-00 00:00:00",dfiler.dfiler.dfiler
4,47,2,"0000-00-00 00:00:00","0000-00-00 00:00:00",dfiler.dfiler.dfiler
4,48,2,"0000-00-00 00:00:00","0000-00-00 00:00:00",dfiler.dfiler.dfiler
4,49,2,"0000-00-00 00:00:00","0000-00-00 00:00:00",dfiler.dfiler.dfiler
4,50,2,"0000-00-00 00:00:00","0000-00-00 00:00:00",dfiler.dfiler.dfiler
4,51,2,"0000-00-00 00:00:00","0000-00-00 00:00:00",dfiler.dfiler.dfiler
4,52,2,"0000-00-00 00:00:00","0000-00-00 00:00:00",dfiler.dfiler.dfiler
4,53,2,"0000-00-00 00:00:00","0000-00-00 00:00:00",dfiler.dfiler.dfiler
4,54,2,"0000-00-00 00:00:00","0000-00-00 00:00:00",dfiler.dfiler.dfiler
4,55,2,"0000-00-00 00:00:00","0000-00-00 00:00:00",dfiler.dfiler.dfiler
4,56,2,"0000-00-00 00:00:00","0000-00-00 00:00:00",dfiler.dfiler.dfiler
4,57,2,"0000-00-00 00:00:00","0000-00-00 00:00:00",dfiler.dfiler.dfiler
4,58,2,"0000-00-00 00:00:00","0000-00-00 00:00:00",dfiler.dfiler.dfiler
4,59,2,"0000-00-00 00:00:00","0000-00-00 00:00:00",dfiler.dfiler.dfiler
4,60,2,"0000-00-00 00:00:00","0000-00-00 00:00:00",dfiler.dfiler.dfiler
4,61,2,"0000-00-00 00:00:00","0000-00-00 00:00:00",dfiler.dfiler.dfiler
4,62,2,"0000-00-00 00:00:00","0000-00-00 00:00:00",dfiler.dfiler.dfiler
4,63,2,"0000-00-00 00:00:00","0000-00-00 00:00:00",dfiler.dfiler.dfiler
4,64,2,"0000-00-00 00:00:00","0000-00-00 00:00:00",dfiler.dfiler.dfiler
4,65,2,"0000-00-00 00:00:00","0000-00-00 00:00:00",dfiler.dfiler.dfiler
4,66,2,"0000-00-00 00:00:00","0000-00-00 00:00:00",dfiler.dfiler.dfiler
4,67,2,"0000-00-00 00:00:00","0000-00-00 00:00:00",dfiler.dfiler.dfiler
4,68,2,"0000-00-00 00:00:00","0000-00-00 00:00:00",dfiler.dfiler.dfiler
4,69,2,"0000-00-00 00:00:00","0000-00-00 00:00:00",dfiler.dfiler.dfiler
4,70,2,"0000-00-00 00:00:00","0000-00-00 00:00:00",dfiler.dfiler.dfiler
4,71,2,"0000-00-00 00:00:00","0000-00-00 00:00:00",dfiler.dfiler.dfiler
4,72,2,"0000-00-00 00:00:00","0000-00-00 00:00:00",dfiler.dfiler.dfiler
4,73,2,"0000-00-00 00:00:00","0000-00-00 00:00:00",dfiler.dfiler.dfiler
4,74,2,"0000-00-00 00:00:00","0000-00-00 00:00:00",dfiler.dfiler.dfiler
4,75,2,"0000-00-00 00:00:00","0000-00-00 00:00:00",dfiler.dfiler.dfiler
4,76,2,"0000-00-00 00:00:00","0000-00-00 00:00:00",dfiler.dfiler.dfiler
4,77,2,"0000-00-00 00:00:00","0000-00-00 00:00:00",dfiler.dfiler.dfiler
4,78,2,"0000-00-00 00:00:00","0000-00-00 00:00:00",dfiler.dfiler.dfiler
4,79,2,"0000-00-00 00:00:00","0000-00-00 00:00:00",dfiler.dfiler.dfiler
4,80,2,"0000-00-00 00:00:00","0000-00-00 00:00:00",dfiler.dfiler.dfiler
4,81,2,"0000-00-00 00:00:00","0000-00-00 00:00:00",dfiler.dfiler.dfiler
4,82,2,"0000-00-00 00:00:00","0000-00-00 00:00:00",dfiler.dfiler.dfiler
4,83,2,"0000-00-00 00:00:00","0000-00-00 00:00:00",dfiler.dfiler.dfiler
4,84,2,"0000-00-00 00:00:00","0000-00-00 00:00:00",dfiler.dfiler.dfiler
4,85,2,"0000-00-00 00:00:00","0000-00-00 00:00:00",dfiler.dfiler.dfiler
4,86,2,"0000-00-00 00:00:00","0000-00-00 00:00:00",dfiler.dfiler.dfiler
4,87,2,"0000-00-00 00:00:00","0000-00-00 00:00:00",dfiler.dfiler.dfiler
4,88,2,"0000-00-00 00:00:00","0000-00-00 00:00:00",dfiler.dfiler.dfiler
4,89,2,"0000-00-00 00:00:00","0000-00-00 00:00:00",dfiler.dfiler.dfiler
4,90,2,"0000-00-00 00:00:00","0000-00-00 00:00:00",dfiler.dfiler.dfiler
4,91,2,"0000-00-00 00:00:00","0000-00-00 00:00:00",dfiler.dfiler.dfiler
4,92,2,"0000-00-00 00:00:00","0000-00-00 00:00:00",dfiler.dfiler.dfiler
4,93,2,"0000-00-00 00:00:00","0000-00-00 00:00:00",dfiler.dfiler.dfiler
4,94,2,"0000-00-00 00:00:00","0000-00-00 00:00:00",dfiler.dfiler.dfiler
4,95,2,"0000-00-00 00:00:00","0000-00-00 00:00:00",dfiler.dfiler.dfiler
4,96,2,"0000-00-00 00:00:00","0000-00-00 00:00:00",dfiler.dfiler.dfiler
4,97,2,"0000-00-00 00:00:00","0000-00-00 00:00:00",dfiler.dfiler.dfiler
4,98,2,"0000-00-00 00:00:00","0000-00-00 00:00:00",dfiler.dfiler.dfiler
4,99,2,"0000-00-00 00:00:00","0000-00-00 00:00:00",dfiler.dfiler.dfiler
4,100,2,"0000-00-00 00:00:00","0000-00-00 00:00:00",dfiler.dfiler.dfiler
4,101,2,"0000-00-00 00:00:00","0000-00-00 00:00:00",dfiler.dfiler.dfiler
4,102,2,"0000-00-00 00:00:00","0000-00-00 00:00:00",dfiler.dfiler.dfiler
4,103,2,"0000-00-00 00:00:00","0000-00-00 00:00:00",dfiler.dfiler.dfiler
4,104,2,"0000-00-00 00:00:00","0000-00-00 00:00:00",dfiler.dfiler.dfiler
4,105,2,"0000-00-00 00:00:00","0000-00-00 00:00:00",dfiler.dfiler.dfiler
4,106,2,"0000-00-00 00:00:00","0000-00-00 00:00:00",dfiler.dfiler.dfiler
4,107,2,"0000-00-00 00:00:00","0000-00-00 00:00:00",dfiler.dfiler.dfiler
4,108,2,"0000-00-00 00:00:00","0000-00-00 00:00:00",dfiler.dfiler.dfiler
4,109,2,"0000-00-00 00:00:00","0000-00-00 00:00:00",dfiler.dfiler.dfiler
4,110,2,"0000-00-00 00:00:00","0000-00-00 00:00:00",dfiler.dfiler.dfiler
4,111,2,"0000-00-00 00:00:00","0000-00-00 00:00:00",dfiler.dfiler.dfiler
4,112,2,"0000-00-00 00:00:00","0000-00-00 00:00:00",dfiler.dfiler.dfiler
4,113,2,"0000-00-00 00:00:00","0000-00-00 00:00:00",dfiler.dfiler.dfiler
4,915,2,"0000-00-00 00:00:00","0000-00-00 00:00:00",dfiler.dfiler.dfiler
4,916,2,"0000-00-00 00:00:00","0000-00-00 00:00:00",dfiler.dfiler.dfiler
4,917,2,"0000-00-00 00:00:00","0000-00-00 00:00:00",dfiler.dfiler.dfiler
4,918,2,"0000-00-00 00:00:00","0000-00-00 00:00:00",dfiler.dfiler.dfiler
4,919,2,"0000-00-00 00:00:00","0000-00-00 00:00:00",dfiler.dfiler.dfiler
4,920,2,"0000-00-00 00:00:00","0000-00-00 00:00:00",dfiler.dfiler.dfiler
4,921,2,"0000-00-00 00:00:00","0000-00-00 00:00:00",dfiler.dfiler.dfiler
4,922,2,"0000-00-00 00:00:00","0000-00-00 00:00:00",dfiler.dfiler.dfiler
4,923,2,"0000-00-00 00:00:00","0000-00-00 00:00:00",dfiler.dfiler.dfiler
4,924,2,"0000-00-00 00:00:00","0000-00-00 00:00:00",dfiler.dfiler.dfiler
4,925,2,"0000-00-00 00:00:00","0000-00-00 00:00:00",dfiler.dfiler.dfiler
4,926,2,"0000-00-00 00:00:00","0000-00-00 00:00:00",dfiler.dfiler.dfiler
4,927,2,"0000-00-00 00:00:00","0000-00-00 00:00:00",dfiler.dfiler.dfiler
4,928,2,"0000-00-00 00:00:00","0000-00-00 00:00:00",dfiler.dfiler.dfiler
4,929,2,"0000-00-00 00:00:00","0000-00-00 00:00:00",dfiler.dfiler.dfiler
4,930,2,"0000-00-00 00:00:00","0000-00-00 00:00:00",dfiler.dfiler.dfiler
4,931,2,"0000-00-00 00:00:00","0000-00-00 00:00:00",dfiler.dfiler.dfiler
4,932,2,"0000-00-00 00:00:00","0000-00-00 00:00:00",dfiler.dfiler.dfiler
4,933,2,"0000-00-00 00:00:00","0000-00-00 00:00:00",dfiler.dfiler.dfiler
4,934,2,"0000-00-00 00:00:00","0000-00-00 00:00:00",dfiler.dfiler.dfiler
4,935,2,"0000-00-00 00:00:00","0000-00-00 00:00:00",dfiler.dfiler.dfiler
4,936,2,"0000-00-00 00:00:00","0000-00-00 00:00:00",dfiler.dfiler.dfiler
4,937,2,"0000-00-00 00:00:00","0000-00-00 00:00:00",dfiler.dfiler.dfiler
4,938,2,"0000-00-00 00:00:00","0000-00-00 00:00:00",dfiler.dfiler.dfiler
1,962,1,"2015-05-18 16:20:03","0000-00-00 00:00:00",mmarti02.mmarti02.mmarti02
1,591,1,"2015-05-29 10:35:15","0000-00-00 00:00:00",Akarmaus.Akarmaus.Akarmaus
1,589,1,"2015-05-29 10:35:15","0000-00-00 00:00:00",Akarmaus.Akarmaus.Akarmaus
1,588,1,"2015-05-29 10:35:15","0000-00-00 00:00:00",Akarmaus.Akarmaus.Akarmaus
1,587,1,"2015-05-29 10:35:15","0000-00-00 00:00:00",Akarmaus.Akarmaus.Akarmaus
1,586,1,"2015-05-29 10:35:15","0000-00-00 00:00:00",Akarmaus.Akarmaus.Akarmaus
1,1120,1,"2015-06-01 09:02:48","0000-00-00 00:00:00",mmarti02.mmarti02.mmarti02
1,1128,1,"2015-07-15 13:30:23","0000-00-00 00:00:00",unknown.ewatt02.ewatt02
1,1146,1,"2015-07-30 17:12:53","0000-00-00 00:00:00",unknown.ewatt02.ewatt02
2,885,3,"2015-08-06 10:55:56","0000-00-00 00:00:00",JFranzos.JFranzos.JFranzos
2,884,3,"2015-08-06 10:55:56","0000-00-00 00:00:00",JFranzos.JFranzos.JFranzos
2,883,3,"2015-08-06 10:55:56","0000-00-00 00:00:00",JFranzos.JFranzos.JFranzos
2,882,3,"2015-08-06 10:55:56","0000-00-00 00:00:00",JFranzos.JFranzos.JFranzos
2,881,3,"2015-08-06 10:55:56","0000-00-00 00:00:00",JFranzos.JFranzos.JFranzos
2,880,3,"2015-08-06 10:55:56","0000-00-00 00:00:00",JFranzos.JFranzos.JFranzos
2,879,3,"2015-08-06 10:55:56","0000-00-00 00:00:00",JFranzos.JFranzos.JFranzos
2,878,3,"2015-08-06 10:55:56","0000-00-00 00:00:00",JFranzos.JFranzos.JFranzos
2,877,3,"2015-08-06 10:55:56","0000-00-00 00:00:00",JFranzos.JFranzos.JFranzos
2,876,3,"2015-08-06 10:55:56","0000-00-00 00:00:00",JFranzos.JFranzos.JFranzos
2,875,3,"2015-08-06 10:55:56","0000-00-00 00:00:00",JFranzos.JFranzos.JFranzos
2,874,3,"2015-08-06 10:55:56","0000-00-00 00:00:00",JFranzos.JFranzos.JFranzos
2,873,3,"2015-08-06 10:55:56","0000-00-00 00:00:00",JFranzos.JFranzos.JFranzos
2,872,3,"2015-08-06 10:55:56","0000-00-00 00:00:00",JFranzos.JFranzos.JFranzos
2,871,3,"2015-08-06 10:55:56","0000-00-00 00:00:00",JFranzos.JFranzos.JFranzos
2,870,3,"2015-08-06 10:55:56","0000-00-00 00:00:00",JFranzos.JFranzos.JFranzos
2,869,3,"2015-08-06 10:55:56","0000-00-00 00:00:00",JFranzos.JFranzos.JFranzos
2,868,3,"2015-08-06 10:55:56","0000-00-00 00:00:00",JFranzos.JFranzos.JFranzos
2,867,3,"2015-08-06 10:55:56","0000-00-00 00:00:00",JFranzos.JFranzos.JFranzos
2,866,3,"2015-08-06 10:55:56","0000-00-00 00:00:00",JFranzos.JFranzos.JFranzos
2,865,3,"2015-08-06 10:55:56","0000-00-00 00:00:00",JFranzos.JFranzos.JFranzos
2,864,3,"2015-08-06 10:55:56","0000-00-00 00:00:00",JFranzos.JFranzos.JFranzos
2,863,3,"2015-08-06 10:55:56","0000-00-00 00:00:00",JFranzos.JFranzos.JFranzos
2,862,3,"2015-08-06 10:55:56","0000-00-00 00:00:00",JFranzos.JFranzos.JFranzos
2,861,3,"2015-08-06 10:55:56","0000-00-00 00:00:00",JFranzos.JFranzos.JFranzos
2,860,3,"2015-08-06 10:55:56","0000-00-00 00:00:00",JFranzos.JFranzos.JFranzos
2,859,3,"2015-08-06 10:55:56","0000-00-00 00:00:00",JFranzos.JFranzos.JFranzos
2,858,3,"2015-08-06 10:55:56","0000-00-00 00:00:00",JFranzos.JFranzos.JFranzos
2,857,3,"2015-08-06 10:55:56","0000-00-00 00:00:00",JFranzos.JFranzos.JFranzos
2,856,3,"2015-08-06 10:55:56","0000-00-00 00:00:00",JFranzos.JFranzos.JFranzos
2,855,3,"2015-08-06 10:55:56","0000-00-00 00:00:00",JFranzos.JFranzos.JFranzos
2,854,3,"2015-08-06 10:55:56","0000-00-00 00:00:00",JFranzos.JFranzos.JFranzos
2,853,3,"2015-08-06 10:55:56","0000-00-00 00:00:00",JFranzos.JFranzos.JFranzos
2,852,3,"2015-08-06 10:55:56","0000-00-00 00:00:00",JFranzos.JFranzos.JFranzos
2,851,3,"2015-08-06 10:55:56","0000-00-00 00:00:00",JFranzos.JFranzos.JFranzos
2,850,3,"2015-08-06 10:55:56","0000-00-00 00:00:00",JFranzos.JFranzos.JFranzos
2,849,3,"2015-08-06 10:55:56","0000-00-00 00:00:00",JFranzos.JFranzos.JFranzos
2,848,3,"2015-08-06 10:55:56","0000-00-00 00:00:00",JFranzos.JFranzos.JFranzos
2,847,3,"2015-08-06 10:55:56","0000-00-00 00:00:00",JFranzos.JFranzos.JFranzos
2,846,3,"2015-08-06 10:55:56","0000-00-00 00:00:00",JFranzos.JFranzos.JFranzos
2,845,3,"2015-08-06 10:55:56","0000-00-00 00:00:00",JFranzos.JFranzos.JFranzos
2,844,3,"2015-08-06 10:55:56","0000-00-00 00:00:00",JFranzos.JFranzos.JFranzos
2,843,3,"2015-08-06 10:55:56","0000-00-00 00:00:00",JFranzos.JFranzos.JFranzos
2,842,3,"2015-08-06 10:55:56","0000-00-00 00:00:00",JFranzos.JFranzos.JFranzos
2,841,3,"2015-08-06 10:55:56","0000-00-00 00:00:00",JFranzos.JFranzos.JFranzos
2,840,3,"2015-08-06 10:55:56","0000-00-00 00:00:00",JFranzos.JFranzos.JFranzos
2,839,3,"2015-08-06 10:55:56","0000-00-00 00:00:00",JFranzos.JFranzos.JFranzos
2,838,3,"2015-08-06 10:55:56","0000-00-00 00:00:00",JFranzos.JFranzos.JFranzos
4,885,2,"2015-08-06 10:55:56","0000-00-00 00:00:00",JFranzos.JFranzos.JFranzos
4,884,2,"2015-08-06 10:55:56","0000-00-00 00:00:00",JFranzos.JFranzos.JFranzos
4,883,2,"2015-08-06 10:55:56","0000-00-00 00:00:00",JFranzos.JFranzos.JFranzos
4,882,2,"2015-08-06 10:55:56","0000-00-00 00:00:00",JFranzos.JFranzos.JFranzos
4,881,2,"2015-08-06 10:55:56","0000-00-00 00:00:00",JFranzos.JFranzos.JFranzos
4,880,2,"2015-08-06 10:55:56","0000-00-00 00:00:00",JFranzos.JFranzos.JFranzos
4,879,2,"2015-08-06 10:55:56","0000-00-00 00:00:00",JFranzos.JFranzos.JFranzos
4,878,2,"2015-08-06 10:55:56","0000-00-00 00:00:00",JFranzos.JFranzos.JFranzos
4,877,2,"2015-08-06 10:55:56","0000-00-00 00:00:00",JFranzos.JFranzos.JFranzos
4,876,2,"2015-08-06 10:55:56","0000-00-00 00:00:00",JFranzos.JFranzos.JFranzos
4,875,2,"2015-08-06 10:55:56","0000-00-00 00:00:00",JFranzos.JFranzos.JFranzos
4,874,2,"2015-08-06 10:55:56","0000-00-00 00:00:00",JFranzos.JFranzos.JFranzos
4,873,2,"2015-08-06 10:55:56","0000-00-00 00:00:00",JFranzos.JFranzos.JFranzos
4,872,2,"2015-08-06 10:55:56","0000-00-00 00:00:00",JFranzos.JFranzos.JFranzos
4,871,2,"2015-08-06 10:55:56","0000-00-00 00:00:00",JFranzos.JFranzos.JFranzos
4,870,2,"2015-08-06 10:55:56","0000-00-00 00:00:00",JFranzos.JFranzos.JFranzos
4,869,2,"2015-08-06 10:55:56","0000-00-00 00:00:00",JFranzos.JFranzos.JFranzos
4,868,2,"2015-08-06 10:55:56","0000-00-00 00:00:00",JFranzos.JFranzos.JFranzos
4,867,2,"2015-08-06 10:55:56","0000-00-00 00:00:00",JFranzos.JFranzos.JFranzos
4,866,2,"2015-08-06 10:55:56","0000-00-00 00:00:00",JFranzos.JFranzos.JFranzos
4,865,2,"2015-08-06 10:55:56","0000-00-00 00:00:00",JFranzos.JFranzos.JFranzos
4,864,2,"2015-08-06 10:55:56","0000-00-00 00:00:00",JFranzos.JFranzos.JFranzos
4,863,2,"2015-08-06 10:55:56","0000-00-00 00:00:00",JFranzos.JFranzos.JFranzos
4,862,2,"2015-08-06 10:55:56","0000-00-00 00:00:00",JFranzos.JFranzos.JFranzos
4,861,2,"2015-08-06 10:55:56","0000-00-00 00:00:00",JFranzos.JFranzos.JFranzos
4,860,2,"2015-08-06 10:55:56","0000-00-00 00:00:00",JFranzos.JFranzos.JFranzos
4,859,2,"2015-08-06 10:55:56","0000-00-00 00:00:00",JFranzos.JFranzos.JFranzos
4,858,2,"2015-08-06 10:55:56","0000-00-00 00:00:00",JFranzos.JFranzos.JFranzos
4,857,2,"2015-08-06 10:55:56","0000-00-00 00:00:00",JFranzos.JFranzos.JFranzos
4,856,2,"2015-08-06 10:55:56","0000-00-00 00:00:00",JFranzos.JFranzos.JFranzos
4,855,2,"2015-08-06 10:55:56","0000-00-00 00:00:00",JFranzos.JFranzos.JFranzos
4,854,2,"2015-08-06 10:55:56","0000-00-00 00:00:00",JFranzos.JFranzos.JFranzos
4,853,2,"2015-08-06 10:55:56","0000-00-00 00:00:00",JFranzos.JFranzos.JFranzos
4,852,2,"2015-08-06 10:55:56","0000-00-00 00:00:00",JFranzos.JFranzos.JFranzos
4,851,2,"2015-08-06 10:55:56","0000-00-00 00:00:00",JFranzos.JFranzos.JFranzos
4,850,2,"2015-08-06 10:55:56","0000-00-00 00:00:00",JFranzos.JFranzos.JFranzos
4,849,2,"2015-08-06 10:55:56","0000-00-00 00:00:00",JFranzos.JFranzos.JFranzos
4,848,2,"2015-08-06 10:55:56","0000-00-00 00:00:00",JFranzos.JFranzos.JFranzos
4,847,2,"2015-08-06 10:55:56","0000-00-00 00:00:00",JFranzos.JFranzos.JFranzos
4,846,2,"2015-08-06 10:55:56","0000-00-00 00:00:00",JFranzos.JFranzos.JFranzos
4,845,2,"2015-08-06 10:55:56","0000-00-00 00:00:00",JFranzos.JFranzos.JFranzos
4,844,2,"2015-08-06 10:55:56","0000-00-00 00:00:00",JFranzos.JFranzos.JFranzos
4,843,2,"2015-08-06 10:55:56","0000-00-00 00:00:00",JFranzos.JFranzos.JFranzos
4,842,2,"2015-08-06 10:55:56","0000-00-00 00:00:00",JFranzos.JFranzos.JFranzos
4,841,2,"2015-08-06 10:55:56","0000-00-00 00:00:00",JFranzos.JFranzos.JFranzos
4,840,2,"2015-08-06 10:55:56","0000-00-00 00:00:00",JFranzos.JFranzos.JFranzos
4,839,2,"2015-08-06 10:55:56","0000-00-00 00:00:00",JFranzos.JFranzos.JFranzos
4,838,2,"2015-08-06 10:55:56","0000-00-00 00:00:00",JFranzos.JFranzos.JFranzos
3,885,1,"2015-08-06 10:55:56","0000-00-00 00:00:00",JFranzos.JFranzos.JFranzos
3,884,1,"2015-08-06 10:55:56","0000-00-00 00:00:00",JFranzos.JFranzos.JFranzos
3,883,1,"2015-08-06 10:55:56","0000-00-00 00:00:00",JFranzos.JFranzos.JFranzos
3,882,1,"2015-08-06 10:55:56","0000-00-00 00:00:00",JFranzos.JFranzos.JFranzos
3,881,1,"2015-08-06 10:55:56","0000-00-00 00:00:00",JFranzos.JFranzos.JFranzos
3,880,1,"2015-08-06 10:55:56","0000-00-00 00:00:00",JFranzos.JFranzos.JFranzos
3,879,1,"2015-08-06 10:55:56","0000-00-00 00:00:00",JFranzos.JFranzos.JFranzos
3,878,1,"2015-08-06 10:55:56","0000-00-00 00:00:00",JFranzos.JFranzos.JFranzos
3,877,1,"2015-08-06 10:55:56","0000-00-00 00:00:00",JFranzos.JFranzos.JFranzos
3,876,1,"2015-08-06 10:55:56","0000-00-00 00:00:00",JFranzos.JFranzos.JFranzos
3,875,1,"2015-08-06 10:55:56","0000-00-00 00:00:00",JFranzos.JFranzos.JFranzos
3,874,1,"2015-08-06 10:55:56","0000-00-00 00:00:00",JFranzos.JFranzos.JFranzos
3,873,1,"2015-08-06 10:55:56","0000-00-00 00:00:00",JFranzos.JFranzos.JFranzos
3,872,1,"2015-08-06 10:55:56","0000-00-00 00:00:00",JFranzos.JFranzos.JFranzos
3,871,1,"2015-08-06 10:55:56","0000-00-00 00:00:00",JFranzos.JFranzos.JFranzos
3,870,1,"2015-08-06 10:55:56","0000-00-00 00:00:00",JFranzos.JFranzos.JFranzos
3,869,1,"2015-08-06 10:55:56","0000-00-00 00:00:00",JFranzos.JFranzos.JFranzos
3,868,1,"2015-08-06 10:55:56","0000-00-00 00:00:00",JFranzos.JFranzos.JFranzos
3,867,1,"2015-08-06 10:55:56","0000-00-00 00:00:00",JFranzos.JFranzos.JFranzos
3,866,1,"2015-08-06 10:55:56","0000-00-00 00:00:00",JFranzos.JFranzos.JFranzos
3,865,1,"2015-08-06 10:55:56","0000-00-00 00:00:00",JFranzos.JFranzos.JFranzos
3,864,1,"2015-08-06 10:55:56","0000-00-00 00:00:00",JFranzos.JFranzos.JFranzos
3,863,1,"2015-08-06 10:55:56","0000-00-00 00:00:00",JFranzos.JFranzos.JFranzos
3,862,1,"2015-08-06 10:55:56","0000-00-00 00:00:00",JFranzos.JFranzos.JFranzos
3,861,1,"2015-08-06 10:55:56","0000-00-00 00:00:00",JFranzos.JFranzos.JFranzos
3,860,1,"2015-08-06 10:55:56","0000-00-00 00:00:00",JFranzos.JFranzos.JFranzos
3,859,1,"2015-08-06 10:55:56","0000-00-00 00:00:00",JFranzos.JFranzos.JFranzos
3,858,1,"2015-08-06 10:55:56","0000-00-00 00:00:00",JFranzos.JFranzos.JFranzos
3,857,1,"2015-08-06 10:55:56","0000-00-00 00:00:00",JFranzos.JFranzos.JFranzos
3,856,1,"2015-08-06 10:55:56","0000-00-00 00:00:00",JFranzos.JFranzos.JFranzos
3,855,1,"2015-08-06 10:55:56","0000-00-00 00:00:00",JFranzos.JFranzos.JFranzos
3,854,1,"2015-08-06 10:55:56","0000-00-00 00:00:00",JFranzos.JFranzos.JFranzos
3,853,1,"2015-08-06 10:55:56","0000-00-00 00:00:00",JFranzos.JFranzos.JFranzos
3,852,1,"2015-08-06 10:55:56","0000-00-00 00:00:00",JFranzos.JFranzos.JFranzos
3,851,1,"2015-08-06 10:55:56","0000-00-00 00:00:00",JFranzos.JFranzos.JFranzos
3,850,1,"2015-08-06 10:55:56","0000-00-00 00:00:00",JFranzos.JFranzos.JFranzos
3,849,1,"2015-08-06 10:55:56","0000-00-00 00:00:00",JFranzos.JFranzos.JFranzos
3,848,1,"2015-08-06 10:55:56","0000-00-00 00:00:00",JFranzos.JFranzos.JFranzos
3,847,1,"2015-08-06 10:55:56","0000-00-00 00:00:00",JFranzos.JFranzos.JFranzos
3,846,1,"2015-08-06 10:55:56","0000-00-00 00:00:00",JFranzos.JFranzos.JFranzos
3,845,1,"2015-08-06 10:55:56","0000-00-00 00:00:00",JFranzos.JFranzos.JFranzos
3,844,1,"2015-08-06 10:55:56","0000-00-00 00:00:00",JFranzos.JFranzos.JFranzos
3,843,1,"2015-08-06 10:55:56","0000-00-00 00:00:00",JFranzos.JFranzos.JFranzos
3,842,1,"2015-08-06 10:55:56","0000-00-00 00:00:00",JFranzos.JFranzos.JFranzos
3,841,1,"2015-08-06 10:55:56","0000-00-00 00:00:00",JFranzos.JFranzos.JFranzos
3,840,1,"2015-08-06 10:55:56","0000-00-00 00:00:00",JFranzos.JFranzos.JFranzos
3,839,1,"2015-08-06 10:55:56","0000-00-00 00:00:00",JFranzos.JFranzos.JFranzos
3,838,1,"2015-08-06 10:55:56","0000-00-00 00:00:00",JFranzos.JFranzos.JFranzos
1,1,1,"2015-09-11 09:02:50","0000-00-00 00:00:00",kconnors.kconnors.kconnors
3,1035,1,"2015-10-07 13:31:23","0000-00-00 00:00:00",mmarti02.mmarti02.mmarti02
3,1036,1,"2015-10-07 13:31:23","0000-00-00 00:00:00",mmarti02.mmarti02.mmarti02
3,1037,1,"2015-10-07 13:31:23","0000-00-00 00:00:00",mmarti02.mmarti02.mmarti02
3,1038,1,"2015-10-07 13:31:23","0000-00-00 00:00:00",mmarti02.mmarti02.mmarti02
3,1039,1,"2015-10-07 13:31:23","0000-00-00 00:00:00",mmarti02.mmarti02.mmarti02
3,1040,1,"2015-10-07 13:31:23","0000-00-00 00:00:00",mmarti02.mmarti02.mmarti02
3,1041,1,"2015-10-07 13:31:23","0000-00-00 00:00:00",mmarti02.mmarti02.mmarti02
3,1042,1,"2015-10-07 13:31:23","0000-00-00 00:00:00",mmarti02.mmarti02.mmarti02
3,1043,1,"2015-10-07 13:31:23","0000-00-00 00:00:00",mmarti02.mmarti02.mmarti02
3,1044,1,"2015-10-07 13:31:23","0000-00-00 00:00:00",mmarti02.mmarti02.mmarti02
3,1045,1,"2015-10-07 13:31:23","0000-00-00 00:00:00",mmarti02.mmarti02.mmarti02
3,1046,1,"2015-10-07 13:31:23","0000-00-00 00:00:00",mmarti02.mmarti02.mmarti02
3,1047,1,"2015-10-07 13:31:23","0000-00-00 00:00:00",mmarti02.mmarti02.mmarti02
3,1048,1,"2015-10-07 13:31:23","0000-00-00 00:00:00",mmarti02.mmarti02.mmarti02
3,1049,1,"2015-10-07 13:31:23","0000-00-00 00:00:00",mmarti02.mmarti02.mmarti02
3,1050,1,"2015-10-07 13:31:23","0000-00-00 00:00:00",mmarti02.mmarti02.mmarti02
3,1051,1,"2015-10-07 13:31:23","0000-00-00 00:00:00",mmarti02.mmarti02.mmarti02
3,1052,1,"2015-10-07 13:31:23","0000-00-00 00:00:00",mmarti02.mmarti02.mmarti02
3,1053,1,"2015-10-07 13:31:23","0000-00-00 00:00:00",mmarti02.mmarti02.mmarti02
3,1054,1,"2015-10-07 13:31:23","0000-00-00 00:00:00",mmarti02.mmarti02.mmarti02
3,1055,1,"2015-10-07 13:31:23","0000-00-00 00:00:00",mmarti02.mmarti02.mmarti02
3,1056,1,"2015-10-07 13:31:23","0000-00-00 00:00:00",mmarti02.mmarti02.mmarti02
3,1057,1,"2015-10-07 13:31:23","0000-00-00 00:00:00",mmarti02.mmarti02.mmarti02
3,1058,1,"2015-10-07 13:31:23","0000-00-00 00:00:00",mmarti02.mmarti02.mmarti02
3,1059,1,"2015-10-07 13:31:23","0000-00-00 00:00:00",mmarti02.mmarti02.mmarti02
3,1060,1,"2015-10-07 13:31:23","0000-00-00 00:00:00",mmarti02.mmarti02.mmarti02
4,1035,2,"2015-10-07 13:31:23","0000-00-00 00:00:00",mmarti02.mmarti02.mmarti02
4,1036,2,"2015-10-07 13:31:23","0000-00-00 00:00:00",mmarti02.mmarti02.mmarti02
4,1037,2,"2015-10-07 13:31:23","0000-00-00 00:00:00",mmarti02.mmarti02.mmarti02
4,1038,2,"2015-10-07 13:31:23","0000-00-00 00:00:00",mmarti02.mmarti02.mmarti02
4,1039,2,"2015-10-07 13:31:23","0000-00-00 00:00:00",mmarti02.mmarti02.mmarti02
4,1040,2,"2015-10-07 13:31:23","0000-00-00 00:00:00",mmarti02.mmarti02.mmarti02
4,1041,2,"2015-10-07 13:31:23","0000-00-00 00:00:00",mmarti02.mmarti02.mmarti02
4,1042,2,"2015-10-07 13:31:23","0000-00-00 00:00:00",mmarti02.mmarti02.mmarti02
4,1043,2,"2015-10-07 13:31:23","0000-00-00 00:00:00",mmarti02.mmarti02.mmarti02
4,1044,2,"2015-10-07 13:31:23","0000-00-00 00:00:00",mmarti02.mmarti02.mmarti02
4,1045,2,"2015-10-07 13:31:23","0000-00-00 00:00:00",mmarti02.mmarti02.mmarti02
4,1046,2,"2015-10-07 13:31:23","0000-00-00 00:00:00",mmarti02.mmarti02.mmarti02
4,1047,2,"2015-10-07 13:31:23","0000-00-00 00:00:00",mmarti02.mmarti02.mmarti02
4,1048,2,"2015-10-07 13:31:23","0000-00-00 00:00:00",mmarti02.mmarti02.mmarti02
4,1049,2,"2015-10-07 13:31:23","0000-00-00 00:00:00",mmarti02.mmarti02.mmarti02
4,1050,2,"2015-10-07 13:31:23","0000-00-00 00:00:00",mmarti02.mmarti02.mmarti02
4,1051,2,"2015-10-07 13:31:23","0000-00-00 00:00:00",mmarti02.mmarti02.mmarti02
4,1052,2,"2015-10-07 13:31:23","0000-00-00 00:00:00",mmarti02.mmarti02.mmarti02
4,1053,2,"2015-10-07 13:31:23","0000-00-00 00:00:00",mmarti02.mmarti02.mmarti02
4,1054,2,"2015-10-07 13:31:23","0000-00-00 00:00:00",mmarti02.mmarti02.mmarti02
4,1055,2,"2015-10-07 13:31:23","0000-00-00 00:00:00",mmarti02.mmarti02.mmarti02
4,1056,2,"2015-10-07 13:31:23","0000-00-00 00:00:00",mmarti02.mmarti02.mmarti02
4,1057,2,"2015-10-07 13:31:23","0000-00-00 00:00:00",mmarti02.mmarti02.mmarti02
4,1058,2,"2015-10-07 13:31:23","0000-00-00 00:00:00",mmarti02.mmarti02.mmarti02
4,1059,2,"2015-10-07 13:31:23","0000-00-00 00:00:00",mmarti02.mmarti02.mmarti02
4,1060,2,"2015-10-07 13:31:23","0000-00-00 00:00:00",mmarti02.mmarti02.mmarti02
2,1035,3,"2015-10-07 13:31:23","0000-00-00 00:00:00",mmarti02.mmarti02.mmarti02
2,1036,3,"2015-10-07 13:31:23","0000-00-00 00:00:00",mmarti02.mmarti02.mmarti02
2,1037,3,"2015-10-07 13:31:23","0000-00-00 00:00:00",mmarti02.mmarti02.mmarti02
2,1038,3,"2015-10-07 13:31:23","0000-00-00 00:00:00",mmarti02.mmarti02.mmarti02
2,1039,3,"2015-10-07 13:31:23","0000-00-00 00:00:00",mmarti02.mmarti02.mmarti02
2,1040,3,"2015-10-07 13:31:23","0000-00-00 00:00:00",mmarti02.mmarti02.mmarti02
2,1041,3,"2015-10-07 13:31:23","0000-00-00 00:00:00",mmarti02.mmarti02.mmarti02
2,1042,3,"2015-10-07 13:31:23","0000-00-00 00:00:00",mmarti02.mmarti02.mmarti02
2,1043,3,"2015-10-07 13:31:23","0000-00-00 00:00:00",mmarti02.mmarti02.mmarti02
2,1044,3,"2015-10-07 13:31:23","0000-00-00 00:00:00",mmarti02.mmarti02.mmarti02
2,1045,3,"2015-10-07 13:31:23","0000-00-00 00:00:00",mmarti02.mmarti02.mmarti02
2,1046,3,"2015-10-07 13:31:23","0000-00-00 00:00:00",mmarti02.mmarti02.mmarti02
2,1047,3,"2015-10-07 13:31:23","0000-00-00 00:00:00",mmarti02.mmarti02.mmarti02
2,1048,3,"2015-10-07 13:31:23","0000-00-00 00:00:00",mmarti02.mmarti02.mmarti02
2,1049,3,"2015-10-07 13:31:23","0000-00-00 00:00:00",mmarti02.mmarti02.mmarti02
2,1050,3,"2015-10-07 13:31:23","0000-00-00 00:00:00",mmarti02.mmarti02.mmarti02
2,1051,3,"2015-10-07 13:31:23","0000-00-00 00:00:00",mmarti02.mmarti02.mmarti02
2,1052,3,"2015-10-07 13:31:23","0000-00-00 00:00:00",mmarti02.mmarti02.mmarti02
2,1053,3,"2015-10-07 13:31:23","0000-00-00 00:00:00",mmarti02.mmarti02.mmarti02
2,1054,3,"2015-10-07 13:31:23","0000-00-00 00:00:00",mmarti02.mmarti02.mmarti02
2,1055,3,"2015-10-07 13:31:23","0000-00-00 00:00:00",mmarti02.mmarti02.mmarti02
2,1056,3,"2015-10-07 13:31:23","0000-00-00 00:00:00",mmarti02.mmarti02.mmarti02
2,1057,3,"2015-10-07 13:31:23","0000-00-00 00:00:00",mmarti02.mmarti02.mmarti02
2,1058,3,"2015-10-07 13:31:23","0000-00-00 00:00:00",mmarti02.mmarti02.mmarti02
2,1059,3,"2015-10-07 13:31:23","0000-00-00 00:00:00",mmarti02.mmarti02.mmarti02
2,1060,3,"2015-10-07 13:31:23","0000-00-00 00:00:00",mmarti02.mmarti02.mmarti02
