aeid,mc6_mthd_id,created_date,modified_date,modified_by
1,6,1449593063.60281,1449593063.60281,DFiler.DFiler.DFiler
2,6,1449593063.60281,1449593063.60281,DFiler.DFiler.DFiler
1,7,1449593063.60281,1449593063.60281,DFiler.DFiler.DFiler
2,7,1449593063.60281,1449593063.60281,DFiler.DFiler.DFiler
1,8,1449593063.60281,1449593063.60281,DFiler.DFiler.DFiler
2,8,1449593063.60281,1449593063.60281,DFiler.DFiler.DFiler
1,10,1449593063.60281,1449593063.60281,DFiler.DFiler.DFiler
2,10,1449593063.60281,1449593063.60281,DFiler.DFiler.DFiler
1,11,1449593063.60281,1449593063.60281,DFiler.DFiler.DFiler
2,11,1449593063.60281,1449593063.60281,DFiler.DFiler.DFiler
1,12,1449593063.60281,1449593063.60281,DFiler.DFiler.DFiler
2,12,1449593063.60281,1449593063.60281,DFiler.DFiler.DFiler
1,15,1449593063.60281,1449593063.60281,DFiler.DFiler.DFiler
2,15,1449593063.60281,1449593063.60281,DFiler.DFiler.DFiler
1,16,1449593063.60281,1449593063.60281,DFiler.DFiler.DFiler
2,16,1449593063.60281,1449593063.60281,DFiler.DFiler.DFiler
