sc2_mthd_id,aeid,exec_ordr,created_date,modified_date,modified_by
10,901,1,"2015-05-29 10:34:54","0000-00-00 00:00:00",Akarmaus.Akarmaus.Akarmaus
10,900,1,"2015-05-29 10:34:54","0000-00-00 00:00:00",Akarmaus.Akarmaus.Akarmaus
10,897,1,"2015-05-29 10:34:54","0000-00-00 00:00:00",Akarmaus.Akarmaus.Akarmaus
10,896,1,"2015-05-29 10:34:54","0000-00-00 00:00:00",Akarmaus.Akarmaus.Akarmaus
10,895,1,"2015-05-29 10:34:54","0000-00-00 00:00:00",Akarmaus.Akarmaus.Akarmaus
10,894,1,"2015-05-29 10:34:54","0000-00-00 00:00:00",Akarmaus.Akarmaus.Akarmaus
10,893,1,"2015-05-29 10:34:54","0000-00-00 00:00:00",Akarmaus.Akarmaus.Akarmaus
10,892,1,"2015-05-29 10:34:54","0000-00-00 00:00:00",Akarmaus.Akarmaus.Akarmaus
10,891,1,"2015-05-29 10:34:54","0000-00-00 00:00:00",Akarmaus.Akarmaus.Akarmaus
10,890,1,"2015-05-29 10:34:54","0000-00-00 00:00:00",Akarmaus.Akarmaus.Akarmaus
10,904,1,"2015-05-29 10:34:54","0000-00-00 00:00:00",Akarmaus.Akarmaus.Akarmaus
10,905,1,"2015-05-29 10:34:54","0000-00-00 00:00:00",Akarmaus.Akarmaus.Akarmaus
10,906,1,"2015-05-29 10:34:54","0000-00-00 00:00:00",Akarmaus.Akarmaus.Akarmaus
10,907,1,"2015-05-29 10:34:54","0000-00-00 00:00:00",Akarmaus.Akarmaus.Akarmaus
10,908,1,"2015-05-29 10:34:54","0000-00-00 00:00:00",Akarmaus.Akarmaus.Akarmaus
10,909,1,"2015-05-29 10:34:54","0000-00-00 00:00:00",Akarmaus.Akarmaus.Akarmaus
10,912,1,"2015-05-29 10:34:54","0000-00-00 00:00:00",Akarmaus.Akarmaus.Akarmaus
10,913,1,"2015-05-29 10:34:54","0000-00-00 00:00:00",Akarmaus.Akarmaus.Akarmaus
10,914,1,"2015-05-29 10:34:54","0000-00-00 00:00:00",Akarmaus.Akarmaus.Akarmaus
10,915,1,"2015-05-29 10:34:54","0000-00-00 00:00:00",Akarmaus.Akarmaus.Akarmaus
5,1504,1,"2015-09-30 15:12:20","0000-00-00 00:00:00",mmarti02.mmarti02.mmarti02
5,1498,1,"2015-09-30 15:12:20","0000-00-00 00:00:00",mmarti02.mmarti02.mmarti02
5,1486,1,"2015-09-30 15:12:20","0000-00-00 00:00:00",mmarti02.mmarti02.mmarti02
5,1485,1,"2015-09-30 15:12:20","0000-00-00 00:00:00",mmarti02.mmarti02.mmarti02
5,1484,1,"2015-09-30 15:12:20","0000-00-00 00:00:00",mmarti02.mmarti02.mmarti02
5,1482,1,"2015-09-30 15:12:20","0000-00-00 00:00:00",mmarti02.mmarti02.mmarti02
5,1478,1,"2015-09-30 15:12:20","0000-00-00 00:00:00",mmarti02.mmarti02.mmarti02
5,1477,1,"2015-09-30 15:12:20","0000-00-00 00:00:00",mmarti02.mmarti02.mmarti02
5,1476,1,"2015-09-30 15:12:20","0000-00-00 00:00:00",mmarti02.mmarti02.mmarti02
5,1475,1,"2015-09-30 15:12:20","0000-00-00 00:00:00",mmarti02.mmarti02.mmarti02
5,1471,1,"2015-09-30 15:12:20","0000-00-00 00:00:00",mmarti02.mmarti02.mmarti02
5,1470,1,"2015-09-30 15:12:20","0000-00-00 00:00:00",mmarti02.mmarti02.mmarti02
5,1469,1,"2015-09-30 15:12:20","0000-00-00 00:00:00",mmarti02.mmarti02.mmarti02
5,1463,1,"2015-09-30 15:12:20","0000-00-00 00:00:00",mmarti02.mmarti02.mmarti02
5,1456,1,"2015-09-30 15:12:20","0000-00-00 00:00:00",mmarti02.mmarti02.mmarti02
5,1454,1,"2015-09-30 15:12:20","0000-00-00 00:00:00",mmarti02.mmarti02.mmarti02
5,1452,1,"2015-09-30 15:12:20","0000-00-00 00:00:00",mmarti02.mmarti02.mmarti02
5,1450,1,"2015-09-30 15:12:20","0000-00-00 00:00:00",mmarti02.mmarti02.mmarti02
5,1444,1,"2015-09-30 15:12:20","0000-00-00 00:00:00",mmarti02.mmarti02.mmarti02
5,1443,1,"2015-09-30 15:12:20","0000-00-00 00:00:00",mmarti02.mmarti02.mmarti02
5,1438,1,"2015-09-30 15:12:20","0000-00-00 00:00:00",mmarti02.mmarti02.mmarti02
5,1435,1,"2015-09-30 15:12:20","0000-00-00 00:00:00",mmarti02.mmarti02.mmarti02
5,1433,1,"2015-09-30 15:12:20","0000-00-00 00:00:00",mmarti02.mmarti02.mmarti02
5,1427,1,"2015-09-30 15:12:20","0000-00-00 00:00:00",mmarti02.mmarti02.mmarti02
5,1422,1,"2015-09-30 15:12:20","0000-00-00 00:00:00",mmarti02.mmarti02.mmarti02
5,1420,1,"2015-09-30 15:12:20","0000-00-00 00:00:00",mmarti02.mmarti02.mmarti02
5,1417,1,"2015-09-30 15:12:20","0000-00-00 00:00:00",mmarti02.mmarti02.mmarti02
5,1405,1,"2015-09-30 15:12:20","0000-00-00 00:00:00",mmarti02.mmarti02.mmarti02
5,1505,1,"2015-09-30 15:12:20","0000-00-00 00:00:00",mmarti02.mmarti02.mmarti02
5,1503,1,"2015-09-30 15:12:20","0000-00-00 00:00:00",mmarti02.mmarti02.mmarti02
5,1497,1,"2015-09-30 15:12:20","0000-00-00 00:00:00",mmarti02.mmarti02.mmarti02
5,1496,1,"2015-09-30 15:12:20","0000-00-00 00:00:00",mmarti02.mmarti02.mmarti02
5,1494,1,"2015-09-30 15:12:20","0000-00-00 00:00:00",mmarti02.mmarti02.mmarti02
5,1495,1,"2015-09-30 15:12:20","0000-00-00 00:00:00",mmarti02.mmarti02.mmarti02
5,1493,1,"2015-09-30 15:12:20","0000-00-00 00:00:00",mmarti02.mmarti02.mmarti02
5,1492,1,"2015-09-30 15:12:20","0000-00-00 00:00:00",mmarti02.mmarti02.mmarti02
5,1491,1,"2015-09-30 15:12:20","0000-00-00 00:00:00",mmarti02.mmarti02.mmarti02
5,1490,1,"2015-09-30 15:12:20","0000-00-00 00:00:00",mmarti02.mmarti02.mmarti02
5,1483,1,"2015-09-30 15:12:20","0000-00-00 00:00:00",mmarti02.mmarti02.mmarti02
5,1474,1,"2015-09-30 15:12:20","0000-00-00 00:00:00",mmarti02.mmarti02.mmarti02
5,1472,1,"2015-09-30 15:12:20","0000-00-00 00:00:00",mmarti02.mmarti02.mmarti02
5,1467,1,"2015-09-30 15:12:20","0000-00-00 00:00:00",mmarti02.mmarti02.mmarti02
5,1466,1,"2015-09-30 15:12:20","0000-00-00 00:00:00",mmarti02.mmarti02.mmarti02
5,1465,1,"2015-09-30 15:12:20","0000-00-00 00:00:00",mmarti02.mmarti02.mmarti02
5,1464,1,"2015-09-30 15:12:20","0000-00-00 00:00:00",mmarti02.mmarti02.mmarti02
5,1461,1,"2015-09-30 15:12:20","0000-00-00 00:00:00",mmarti02.mmarti02.mmarti02
5,1460,1,"2015-09-30 15:12:20","0000-00-00 00:00:00",mmarti02.mmarti02.mmarti02
5,1457,1,"2015-09-30 15:12:20","0000-00-00 00:00:00",mmarti02.mmarti02.mmarti02
5,1458,1,"2015-09-30 15:12:20","0000-00-00 00:00:00",mmarti02.mmarti02.mmarti02
5,1448,1,"2015-09-30 15:12:20","0000-00-00 00:00:00",mmarti02.mmarti02.mmarti02
5,1447,1,"2015-09-30 15:12:20","0000-00-00 00:00:00",mmarti02.mmarti02.mmarti02
5,1445,1,"2015-09-30 15:12:20","0000-00-00 00:00:00",mmarti02.mmarti02.mmarti02
5,1455,1,"2015-09-30 15:12:20","0000-00-00 00:00:00",mmarti02.mmarti02.mmarti02
5,1453,1,"2015-09-30 15:12:20","0000-00-00 00:00:00",mmarti02.mmarti02.mmarti02
5,1451,1,"2015-09-30 15:12:20","0000-00-00 00:00:00",mmarti02.mmarti02.mmarti02
5,1449,1,"2015-09-30 15:12:20","0000-00-00 00:00:00",mmarti02.mmarti02.mmarti02
5,1441,1,"2015-09-30 15:12:20","0000-00-00 00:00:00",mmarti02.mmarti02.mmarti02
5,1440,1,"2015-09-30 15:12:20","0000-00-00 00:00:00",mmarti02.mmarti02.mmarti02
5,1439,1,"2015-09-30 15:12:20","0000-00-00 00:00:00",mmarti02.mmarti02.mmarti02
5,1437,1,"2015-09-30 15:12:20","0000-00-00 00:00:00",mmarti02.mmarti02.mmarti02
5,1434,1,"2015-09-30 15:12:20","0000-00-00 00:00:00",mmarti02.mmarti02.mmarti02
5,1432,1,"2015-09-30 15:12:20","0000-00-00 00:00:00",mmarti02.mmarti02.mmarti02
5,1431,1,"2015-09-30 15:12:20","0000-00-00 00:00:00",mmarti02.mmarti02.mmarti02
5,1429,1,"2015-09-30 15:12:20","0000-00-00 00:00:00",mmarti02.mmarti02.mmarti02
5,1426,1,"2015-09-30 15:12:20","0000-00-00 00:00:00",mmarti02.mmarti02.mmarti02
5,1425,1,"2015-09-30 15:12:20","0000-00-00 00:00:00",mmarti02.mmarti02.mmarti02
5,1423,1,"2015-09-30 15:12:20","0000-00-00 00:00:00",mmarti02.mmarti02.mmarti02
5,1419,1,"2015-09-30 15:12:20","0000-00-00 00:00:00",mmarti02.mmarti02.mmarti02
5,1416,1,"2015-09-30 15:12:20","0000-00-00 00:00:00",mmarti02.mmarti02.mmarti02
5,1414,1,"2015-09-30 15:12:20","0000-00-00 00:00:00",mmarti02.mmarti02.mmarti02
5,1424,1,"2015-09-30 15:12:20","0000-00-00 00:00:00",mmarti02.mmarti02.mmarti02
5,1413,1,"2015-09-30 15:12:20","0000-00-00 00:00:00",mmarti02.mmarti02.mmarti02
5,1412,1,"2015-09-30 15:12:20","0000-00-00 00:00:00",mmarti02.mmarti02.mmarti02
5,1409,1,"2015-09-30 15:12:20","0000-00-00 00:00:00",mmarti02.mmarti02.mmarti02
5,1406,1,"2015-09-30 15:12:20","0000-00-00 00:00:00",mmarti02.mmarti02.mmarti02
5,1410,1,"2015-09-30 15:12:20","0000-00-00 00:00:00",mmarti02.mmarti02.mmarti02
5,1404,1,"2015-09-30 15:12:20","0000-00-00 00:00:00",mmarti02.mmarti02.mmarti02
5,1402,1,"2015-09-30 15:12:20","0000-00-00 00:00:00",mmarti02.mmarti02.mmarti02
5,1401,1,"2015-09-30 15:12:20","0000-00-00 00:00:00",mmarti02.mmarti02.mmarti02
5,1400,1,"2015-09-30 15:12:20","0000-00-00 00:00:00",mmarti02.mmarti02.mmarti02
8,608,1,"2015-09-30 15:10:51","0000-00-00 00:00:00",mmarti02.mmarti02.mmarti02
8,606,1,"2015-09-30 15:10:51","0000-00-00 00:00:00",mmarti02.mmarti02.mmarti02
8,604,1,"2015-09-30 15:10:51","0000-00-00 00:00:00",mmarti02.mmarti02.mmarti02
8,602,1,"2015-09-30 15:10:51","0000-00-00 00:00:00",mmarti02.mmarti02.mmarti02
8,600,1,"2015-09-30 15:10:51","0000-00-00 00:00:00",mmarti02.mmarti02.mmarti02
8,598,1,"2015-09-30 15:10:51","0000-00-00 00:00:00",mmarti02.mmarti02.mmarti02
8,596,1,"2015-09-30 15:10:51","0000-00-00 00:00:00",mmarti02.mmarti02.mmarti02
8,594,1,"2015-09-30 15:10:51","0000-00-00 00:00:00",mmarti02.mmarti02.mmarti02
8,592,1,"2015-09-30 15:10:51","0000-00-00 00:00:00",mmarti02.mmarti02.mmarti02
8,590,1,"2015-09-30 15:10:51","0000-00-00 00:00:00",mmarti02.mmarti02.mmarti02
8,588,1,"2015-09-30 15:10:51","0000-00-00 00:00:00",mmarti02.mmarti02.mmarti02
8,586,1,"2015-09-30 15:10:51","0000-00-00 00:00:00",mmarti02.mmarti02.mmarti02
8,584,1,"2015-09-30 15:10:51","0000-00-00 00:00:00",mmarti02.mmarti02.mmarti02
8,582,1,"2015-09-30 15:10:51","0000-00-00 00:00:00",mmarti02.mmarti02.mmarti02
8,580,1,"2015-09-30 15:10:51","0000-00-00 00:00:00",mmarti02.mmarti02.mmarti02
8,578,1,"2015-09-30 15:10:51","0000-00-00 00:00:00",mmarti02.mmarti02.mmarti02
8,576,1,"2015-09-30 15:10:51","0000-00-00 00:00:00",mmarti02.mmarti02.mmarti02
8,574,1,"2015-09-30 15:10:51","0000-00-00 00:00:00",mmarti02.mmarti02.mmarti02
8,572,1,"2015-09-30 15:10:51","0000-00-00 00:00:00",mmarti02.mmarti02.mmarti02
8,570,1,"2015-09-30 15:10:51","0000-00-00 00:00:00",mmarti02.mmarti02.mmarti02
8,568,1,"2015-09-30 15:10:51","0000-00-00 00:00:00",mmarti02.mmarti02.mmarti02
8,566,1,"2015-09-30 15:10:51","0000-00-00 00:00:00",mmarti02.mmarti02.mmarti02
8,564,1,"2015-09-30 15:10:51","0000-00-00 00:00:00",mmarti02.mmarti02.mmarti02
8,562,1,"2015-09-30 15:10:51","0000-00-00 00:00:00",mmarti02.mmarti02.mmarti02
8,560,1,"2015-09-30 15:10:51","0000-00-00 00:00:00",mmarti02.mmarti02.mmarti02
8,558,1,"2015-09-30 15:10:51","0000-00-00 00:00:00",mmarti02.mmarti02.mmarti02
8,556,1,"2015-09-30 15:10:51","0000-00-00 00:00:00",mmarti02.mmarti02.mmarti02
8,554,1,"2015-09-30 15:10:51","0000-00-00 00:00:00",mmarti02.mmarti02.mmarti02
8,552,1,"2015-09-30 15:10:51","0000-00-00 00:00:00",mmarti02.mmarti02.mmarti02
8,550,1,"2015-09-30 15:10:51","0000-00-00 00:00:00",mmarti02.mmarti02.mmarti02
8,548,1,"2015-09-30 15:10:51","0000-00-00 00:00:00",mmarti02.mmarti02.mmarti02
8,546,1,"2015-09-30 15:10:51","0000-00-00 00:00:00",mmarti02.mmarti02.mmarti02
8,544,1,"2015-09-30 15:10:51","0000-00-00 00:00:00",mmarti02.mmarti02.mmarti02
8,542,1,"2015-09-30 15:10:51","0000-00-00 00:00:00",mmarti02.mmarti02.mmarti02
8,540,1,"2015-09-30 15:10:51","0000-00-00 00:00:00",mmarti02.mmarti02.mmarti02
8,538,1,"2015-09-30 15:10:51","0000-00-00 00:00:00",mmarti02.mmarti02.mmarti02
8,536,1,"2015-09-30 15:10:51","0000-00-00 00:00:00",mmarti02.mmarti02.mmarti02
8,534,1,"2015-09-30 15:10:51","0000-00-00 00:00:00",mmarti02.mmarti02.mmarti02
8,532,1,"2015-09-30 15:10:51","0000-00-00 00:00:00",mmarti02.mmarti02.mmarti02
8,530,1,"2015-09-30 15:10:51","0000-00-00 00:00:00",mmarti02.mmarti02.mmarti02
8,528,1,"2015-09-30 15:10:51","0000-00-00 00:00:00",mmarti02.mmarti02.mmarti02
8,526,1,"2015-09-30 15:10:51","0000-00-00 00:00:00",mmarti02.mmarti02.mmarti02
8,524,1,"2015-09-30 15:10:51","0000-00-00 00:00:00",mmarti02.mmarti02.mmarti02
8,522,1,"2015-09-30 15:10:51","0000-00-00 00:00:00",mmarti02.mmarti02.mmarti02
8,520,1,"2015-09-30 15:10:51","0000-00-00 00:00:00",mmarti02.mmarti02.mmarti02
8,518,1,"2015-09-30 15:10:51","0000-00-00 00:00:00",mmarti02.mmarti02.mmarti02
8,516,1,"2015-09-30 15:10:51","0000-00-00 00:00:00",mmarti02.mmarti02.mmarti02
8,514,1,"2015-09-30 15:10:51","0000-00-00 00:00:00",mmarti02.mmarti02.mmarti02
8,512,1,"2015-09-30 15:10:51","0000-00-00 00:00:00",mmarti02.mmarti02.mmarti02
8,510,1,"2015-09-30 15:10:51","0000-00-00 00:00:00",mmarti02.mmarti02.mmarti02
8,508,1,"2015-09-30 15:10:51","0000-00-00 00:00:00",mmarti02.mmarti02.mmarti02
8,506,1,"2015-09-30 15:10:51","0000-00-00 00:00:00",mmarti02.mmarti02.mmarti02
8,504,1,"2015-09-30 15:10:51","0000-00-00 00:00:00",mmarti02.mmarti02.mmarti02
8,502,1,"2015-09-30 15:10:51","0000-00-00 00:00:00",mmarti02.mmarti02.mmarti02
8,500,1,"2015-09-30 15:10:51","0000-00-00 00:00:00",mmarti02.mmarti02.mmarti02
8,498,1,"2015-09-30 15:10:51","0000-00-00 00:00:00",mmarti02.mmarti02.mmarti02
8,496,1,"2015-09-30 15:10:51","0000-00-00 00:00:00",mmarti02.mmarti02.mmarti02
8,494,1,"2015-09-30 15:10:51","0000-00-00 00:00:00",mmarti02.mmarti02.mmarti02
8,492,1,"2015-09-30 15:10:51","0000-00-00 00:00:00",mmarti02.mmarti02.mmarti02
8,490,1,"2015-09-30 15:10:51","0000-00-00 00:00:00",mmarti02.mmarti02.mmarti02
8,488,1,"2015-09-30 15:10:51","0000-00-00 00:00:00",mmarti02.mmarti02.mmarti02
8,486,1,"2015-09-30 15:10:51","0000-00-00 00:00:00",mmarti02.mmarti02.mmarti02
8,484,1,"2015-09-30 15:10:51","0000-00-00 00:00:00",mmarti02.mmarti02.mmarti02
8,482,1,"2015-09-30 15:10:51","0000-00-00 00:00:00",mmarti02.mmarti02.mmarti02
8,480,1,"2015-09-30 15:10:51","0000-00-00 00:00:00",mmarti02.mmarti02.mmarti02
8,478,1,"2015-09-30 15:10:51","0000-00-00 00:00:00",mmarti02.mmarti02.mmarti02
8,476,1,"2015-09-30 15:10:51","0000-00-00 00:00:00",mmarti02.mmarti02.mmarti02
8,474,1,"2015-09-30 15:10:51","0000-00-00 00:00:00",mmarti02.mmarti02.mmarti02
8,472,1,"2015-09-30 15:10:51","0000-00-00 00:00:00",mmarti02.mmarti02.mmarti02
8,470,1,"2015-09-30 15:10:51","0000-00-00 00:00:00",mmarti02.mmarti02.mmarti02
8,468,1,"2015-09-30 15:10:51","0000-00-00 00:00:00",mmarti02.mmarti02.mmarti02
8,466,1,"2015-09-30 15:10:51","0000-00-00 00:00:00",mmarti02.mmarti02.mmarti02
8,464,1,"2015-09-30 15:10:51","0000-00-00 00:00:00",mmarti02.mmarti02.mmarti02
8,462,1,"2015-09-30 15:10:51","0000-00-00 00:00:00",mmarti02.mmarti02.mmarti02
8,460,1,"2015-09-30 15:10:51","0000-00-00 00:00:00",mmarti02.mmarti02.mmarti02
8,458,1,"2015-09-30 15:10:51","0000-00-00 00:00:00",mmarti02.mmarti02.mmarti02
8,456,1,"2015-09-30 15:10:51","0000-00-00 00:00:00",mmarti02.mmarti02.mmarti02
8,454,1,"2015-09-30 15:10:51","0000-00-00 00:00:00",mmarti02.mmarti02.mmarti02
8,452,1,"2015-09-30 15:10:51","0000-00-00 00:00:00",mmarti02.mmarti02.mmarti02
8,450,1,"2015-09-30 15:10:51","0000-00-00 00:00:00",mmarti02.mmarti02.mmarti02
8,448,1,"2015-09-30 15:10:51","0000-00-00 00:00:00",mmarti02.mmarti02.mmarti02
8,446,1,"2015-09-30 15:10:51","0000-00-00 00:00:00",mmarti02.mmarti02.mmarti02
8,444,1,"2015-09-30 15:10:51","0000-00-00 00:00:00",mmarti02.mmarti02.mmarti02
8,442,1,"2015-09-30 15:10:51","0000-00-00 00:00:00",mmarti02.mmarti02.mmarti02
8,440,1,"2015-09-30 15:10:51","0000-00-00 00:00:00",mmarti02.mmarti02.mmarti02
8,438,1,"2015-09-30 15:10:51","0000-00-00 00:00:00",mmarti02.mmarti02.mmarti02
8,436,1,"2015-09-30 15:10:51","0000-00-00 00:00:00",mmarti02.mmarti02.mmarti02
8,434,1,"2015-09-30 15:10:51","0000-00-00 00:00:00",mmarti02.mmarti02.mmarti02
8,432,1,"2015-09-30 15:10:51","0000-00-00 00:00:00",mmarti02.mmarti02.mmarti02
8,430,1,"2015-09-30 15:10:51","0000-00-00 00:00:00",mmarti02.mmarti02.mmarti02
8,428,1,"2015-09-30 15:10:51","0000-00-00 00:00:00",mmarti02.mmarti02.mmarti02
8,426,1,"2015-09-30 15:10:51","0000-00-00 00:00:00",mmarti02.mmarti02.mmarti02
8,424,1,"2015-09-30 15:10:51","0000-00-00 00:00:00",mmarti02.mmarti02.mmarti02
8,422,1,"2015-09-30 15:10:51","0000-00-00 00:00:00",mmarti02.mmarti02.mmarti02
8,420,1,"2015-09-30 15:10:51","0000-00-00 00:00:00",mmarti02.mmarti02.mmarti02
8,418,1,"2015-09-30 15:10:51","0000-00-00 00:00:00",mmarti02.mmarti02.mmarti02
8,416,1,"2015-09-30 15:10:51","0000-00-00 00:00:00",mmarti02.mmarti02.mmarti02
8,414,1,"2015-09-30 15:10:51","0000-00-00 00:00:00",mmarti02.mmarti02.mmarti02
8,412,1,"2015-09-30 15:10:51","0000-00-00 00:00:00",mmarti02.mmarti02.mmarti02
8,410,1,"2015-09-30 15:10:51","0000-00-00 00:00:00",mmarti02.mmarti02.mmarti02
8,408,1,"2015-09-30 15:10:51","0000-00-00 00:00:00",mmarti02.mmarti02.mmarti02
8,406,1,"2015-09-30 15:10:51","0000-00-00 00:00:00",mmarti02.mmarti02.mmarti02
8,404,1,"2015-09-30 15:10:51","0000-00-00 00:00:00",mmarti02.mmarti02.mmarti02
8,402,1,"2015-09-30 15:10:51","0000-00-00 00:00:00",mmarti02.mmarti02.mmarti02
8,400,1,"2015-09-30 15:10:51","0000-00-00 00:00:00",mmarti02.mmarti02.mmarti02
8,398,1,"2015-09-30 15:10:51","0000-00-00 00:00:00",mmarti02.mmarti02.mmarti02
8,396,1,"2015-09-30 15:10:51","0000-00-00 00:00:00",mmarti02.mmarti02.mmarti02
8,394,1,"2015-09-30 15:10:51","0000-00-00 00:00:00",mmarti02.mmarti02.mmarti02
8,392,1,"2015-09-30 15:10:51","0000-00-00 00:00:00",mmarti02.mmarti02.mmarti02
8,390,1,"2015-09-30 15:10:51","0000-00-00 00:00:00",mmarti02.mmarti02.mmarti02
8,388,1,"2015-09-30 15:10:51","0000-00-00 00:00:00",mmarti02.mmarti02.mmarti02
8,386,1,"2015-09-30 15:10:51","0000-00-00 00:00:00",mmarti02.mmarti02.mmarti02
8,384,1,"2015-09-30 15:10:51","0000-00-00 00:00:00",mmarti02.mmarti02.mmarti02
8,382,1,"2015-09-30 15:10:51","0000-00-00 00:00:00",mmarti02.mmarti02.mmarti02
8,380,1,"2015-09-30 15:10:51","0000-00-00 00:00:00",mmarti02.mmarti02.mmarti02
8,378,1,"2015-09-30 15:10:51","0000-00-00 00:00:00",mmarti02.mmarti02.mmarti02
8,376,1,"2015-09-30 15:10:51","0000-00-00 00:00:00",mmarti02.mmarti02.mmarti02
8,374,1,"2015-09-30 15:10:51","0000-00-00 00:00:00",mmarti02.mmarti02.mmarti02
8,372,1,"2015-09-30 15:10:51","0000-00-00 00:00:00",mmarti02.mmarti02.mmarti02
8,370,1,"2015-09-30 15:10:51","0000-00-00 00:00:00",mmarti02.mmarti02.mmarti02
8,368,1,"2015-09-30 15:10:51","0000-00-00 00:00:00",mmarti02.mmarti02.mmarti02
8,366,1,"2015-09-30 15:10:51","0000-00-00 00:00:00",mmarti02.mmarti02.mmarti02
8,364,1,"2015-09-30 15:10:51","0000-00-00 00:00:00",mmarti02.mmarti02.mmarti02
8,362,1,"2015-09-30 15:10:51","0000-00-00 00:00:00",mmarti02.mmarti02.mmarti02
8,360,1,"2015-09-30 15:10:51","0000-00-00 00:00:00",mmarti02.mmarti02.mmarti02
8,358,1,"2015-09-30 15:10:51","0000-00-00 00:00:00",mmarti02.mmarti02.mmarti02
8,356,1,"2015-09-30 15:10:51","0000-00-00 00:00:00",mmarti02.mmarti02.mmarti02
8,354,1,"2015-09-30 15:10:51","0000-00-00 00:00:00",mmarti02.mmarti02.mmarti02
8,352,1,"2015-09-30 15:10:51","0000-00-00 00:00:00",mmarti02.mmarti02.mmarti02
8,350,1,"2015-09-30 15:10:51","0000-00-00 00:00:00",mmarti02.mmarti02.mmarti02
8,348,1,"2015-09-30 15:10:51","0000-00-00 00:00:00",mmarti02.mmarti02.mmarti02
8,346,1,"2015-09-30 15:10:51","0000-00-00 00:00:00",mmarti02.mmarti02.mmarti02
8,344,1,"2015-09-30 15:10:51","0000-00-00 00:00:00",mmarti02.mmarti02.mmarti02
8,342,1,"2015-09-30 15:10:51","0000-00-00 00:00:00",mmarti02.mmarti02.mmarti02
8,340,1,"2015-09-30 15:10:51","0000-00-00 00:00:00",mmarti02.mmarti02.mmarti02
8,338,1,"2015-09-30 15:10:51","0000-00-00 00:00:00",mmarti02.mmarti02.mmarti02
8,336,1,"2015-09-30 15:10:51","0000-00-00 00:00:00",mmarti02.mmarti02.mmarti02
8,334,1,"2015-09-30 15:10:51","0000-00-00 00:00:00",mmarti02.mmarti02.mmarti02
8,332,1,"2015-09-30 15:10:51","0000-00-00 00:00:00",mmarti02.mmarti02.mmarti02
8,330,1,"2015-09-30 15:10:51","0000-00-00 00:00:00",mmarti02.mmarti02.mmarti02
8,328,1,"2015-09-30 15:10:51","0000-00-00 00:00:00",mmarti02.mmarti02.mmarti02
8,326,1,"2015-09-30 15:10:51","0000-00-00 00:00:00",mmarti02.mmarti02.mmarti02
8,324,1,"2015-09-30 15:10:51","0000-00-00 00:00:00",mmarti02.mmarti02.mmarti02
8,322,1,"2015-09-30 15:10:51","0000-00-00 00:00:00",mmarti02.mmarti02.mmarti02
8,320,1,"2015-09-30 15:10:51","0000-00-00 00:00:00",mmarti02.mmarti02.mmarti02
8,738,1,"2015-09-30 15:10:51","0000-00-00 00:00:00",mmarti02.mmarti02.mmarti02
8,737,1,"2015-09-30 15:10:51","0000-00-00 00:00:00",mmarti02.mmarti02.mmarti02
8,736,1,"2015-09-30 15:10:51","0000-00-00 00:00:00",mmarti02.mmarti02.mmarti02
8,735,1,"2015-09-30 15:10:51","0000-00-00 00:00:00",mmarti02.mmarti02.mmarti02
8,734,1,"2015-09-30 15:10:51","0000-00-00 00:00:00",mmarti02.mmarti02.mmarti02
8,733,1,"2015-09-30 15:10:51","0000-00-00 00:00:00",mmarti02.mmarti02.mmarti02
8,732,1,"2015-09-30 15:10:51","0000-00-00 00:00:00",mmarti02.mmarti02.mmarti02
8,731,1,"2015-09-30 15:10:51","0000-00-00 00:00:00",mmarti02.mmarti02.mmarti02
8,730,1,"2015-09-30 15:10:51","0000-00-00 00:00:00",mmarti02.mmarti02.mmarti02
8,729,1,"2015-09-30 15:10:51","0000-00-00 00:00:00",mmarti02.mmarti02.mmarti02
8,728,1,"2015-09-30 15:10:51","0000-00-00 00:00:00",mmarti02.mmarti02.mmarti02
8,727,1,"2015-09-30 15:10:51","0000-00-00 00:00:00",mmarti02.mmarti02.mmarti02
8,726,1,"2015-09-30 15:10:51","0000-00-00 00:00:00",mmarti02.mmarti02.mmarti02
8,725,1,"2015-09-30 15:10:51","0000-00-00 00:00:00",mmarti02.mmarti02.mmarti02
8,724,1,"2015-09-30 15:10:51","0000-00-00 00:00:00",mmarti02.mmarti02.mmarti02
8,723,1,"2015-09-30 15:10:51","0000-00-00 00:00:00",mmarti02.mmarti02.mmarti02
8,722,1,"2015-09-30 15:10:51","0000-00-00 00:00:00",mmarti02.mmarti02.mmarti02
8,721,1,"2015-09-30 15:10:51","0000-00-00 00:00:00",mmarti02.mmarti02.mmarti02
8,720,1,"2015-09-30 15:10:51","0000-00-00 00:00:00",mmarti02.mmarti02.mmarti02
8,719,1,"2015-09-30 15:10:51","0000-00-00 00:00:00",mmarti02.mmarti02.mmarti02
8,718,1,"2015-09-30 15:10:51","0000-00-00 00:00:00",mmarti02.mmarti02.mmarti02
8,717,1,"2015-09-30 15:10:51","0000-00-00 00:00:00",mmarti02.mmarti02.mmarti02
8,716,1,"2015-09-30 15:10:51","0000-00-00 00:00:00",mmarti02.mmarti02.mmarti02
8,715,1,"2015-09-30 15:10:51","0000-00-00 00:00:00",mmarti02.mmarti02.mmarti02
8,714,1,"2015-09-30 15:10:51","0000-00-00 00:00:00",mmarti02.mmarti02.mmarti02
8,713,1,"2015-09-30 15:10:51","0000-00-00 00:00:00",mmarti02.mmarti02.mmarti02
8,712,1,"2015-09-30 15:10:51","0000-00-00 00:00:00",mmarti02.mmarti02.mmarti02
8,711,1,"2015-09-30 15:10:51","0000-00-00 00:00:00",mmarti02.mmarti02.mmarti02
8,710,1,"2015-09-30 15:10:51","0000-00-00 00:00:00",mmarti02.mmarti02.mmarti02
8,709,1,"2015-09-30 15:10:51","0000-00-00 00:00:00",mmarti02.mmarti02.mmarti02
8,708,1,"2015-09-30 15:10:51","0000-00-00 00:00:00",mmarti02.mmarti02.mmarti02
8,707,1,"2015-09-30 15:10:51","0000-00-00 00:00:00",mmarti02.mmarti02.mmarti02
8,706,1,"2015-09-30 15:10:51","0000-00-00 00:00:00",mmarti02.mmarti02.mmarti02
8,705,1,"2015-09-30 15:10:51","0000-00-00 00:00:00",mmarti02.mmarti02.mmarti02
8,704,1,"2015-09-30 15:10:51","0000-00-00 00:00:00",mmarti02.mmarti02.mmarti02
8,703,1,"2015-09-30 15:10:51","0000-00-00 00:00:00",mmarti02.mmarti02.mmarti02
8,702,1,"2015-09-30 15:10:51","0000-00-00 00:00:00",mmarti02.mmarti02.mmarti02
8,701,1,"2015-09-30 15:10:51","0000-00-00 00:00:00",mmarti02.mmarti02.mmarti02
8,700,1,"2015-09-30 15:10:51","0000-00-00 00:00:00",mmarti02.mmarti02.mmarti02
8,699,1,"2015-09-30 15:10:51","0000-00-00 00:00:00",mmarti02.mmarti02.mmarti02
8,698,1,"2015-09-30 15:10:51","0000-00-00 00:00:00",mmarti02.mmarti02.mmarti02
8,697,1,"2015-09-30 15:10:51","0000-00-00 00:00:00",mmarti02.mmarti02.mmarti02
8,696,1,"2015-09-30 15:10:51","0000-00-00 00:00:00",mmarti02.mmarti02.mmarti02
8,695,1,"2015-09-30 15:10:51","0000-00-00 00:00:00",mmarti02.mmarti02.mmarti02
8,694,1,"2015-09-30 15:10:51","0000-00-00 00:00:00",mmarti02.mmarti02.mmarti02
8,693,1,"2015-09-30 15:10:51","0000-00-00 00:00:00",mmarti02.mmarti02.mmarti02
8,692,1,"2015-09-30 15:10:51","0000-00-00 00:00:00",mmarti02.mmarti02.mmarti02
8,691,1,"2015-09-30 15:10:51","0000-00-00 00:00:00",mmarti02.mmarti02.mmarti02
8,690,1,"2015-09-30 15:10:51","0000-00-00 00:00:00",mmarti02.mmarti02.mmarti02
8,689,1,"2015-09-30 15:10:51","0000-00-00 00:00:00",mmarti02.mmarti02.mmarti02
8,688,1,"2015-09-30 15:10:51","0000-00-00 00:00:00",mmarti02.mmarti02.mmarti02
8,687,1,"2015-09-30 15:10:51","0000-00-00 00:00:00",mmarti02.mmarti02.mmarti02
8,686,1,"2015-09-30 15:10:51","0000-00-00 00:00:00",mmarti02.mmarti02.mmarti02
8,685,1,"2015-09-30 15:10:51","0000-00-00 00:00:00",mmarti02.mmarti02.mmarti02
8,684,1,"2015-09-30 15:10:51","0000-00-00 00:00:00",mmarti02.mmarti02.mmarti02
8,683,1,"2015-09-30 15:10:51","0000-00-00 00:00:00",mmarti02.mmarti02.mmarti02
8,682,1,"2015-09-30 15:10:51","0000-00-00 00:00:00",mmarti02.mmarti02.mmarti02
8,681,1,"2015-09-30 15:10:51","0000-00-00 00:00:00",mmarti02.mmarti02.mmarti02
8,680,1,"2015-09-30 15:10:51","0000-00-00 00:00:00",mmarti02.mmarti02.mmarti02
8,679,1,"2015-09-30 15:10:51","0000-00-00 00:00:00",mmarti02.mmarti02.mmarti02
8,678,1,"2015-09-30 15:10:51","0000-00-00 00:00:00",mmarti02.mmarti02.mmarti02
8,677,1,"2015-09-30 15:10:51","0000-00-00 00:00:00",mmarti02.mmarti02.mmarti02
8,676,1,"2015-09-30 15:10:51","0000-00-00 00:00:00",mmarti02.mmarti02.mmarti02
8,675,1,"2015-09-30 15:10:51","0000-00-00 00:00:00",mmarti02.mmarti02.mmarti02
8,674,1,"2015-09-30 15:10:51","0000-00-00 00:00:00",mmarti02.mmarti02.mmarti02
8,673,1,"2015-09-30 15:10:51","0000-00-00 00:00:00",mmarti02.mmarti02.mmarti02
8,672,1,"2015-09-30 15:10:51","0000-00-00 00:00:00",mmarti02.mmarti02.mmarti02
8,671,1,"2015-09-30 15:10:51","0000-00-00 00:00:00",mmarti02.mmarti02.mmarti02
8,670,1,"2015-09-30 15:10:51","0000-00-00 00:00:00",mmarti02.mmarti02.mmarti02
8,669,1,"2015-09-30 15:10:51","0000-00-00 00:00:00",mmarti02.mmarti02.mmarti02
8,668,1,"2015-09-30 15:10:51","0000-00-00 00:00:00",mmarti02.mmarti02.mmarti02
8,667,1,"2015-09-30 15:10:51","0000-00-00 00:00:00",mmarti02.mmarti02.mmarti02
8,666,1,"2015-09-30 15:10:51","0000-00-00 00:00:00",mmarti02.mmarti02.mmarti02
8,665,1,"2015-09-30 15:10:51","0000-00-00 00:00:00",mmarti02.mmarti02.mmarti02
8,664,1,"2015-09-30 15:10:51","0000-00-00 00:00:00",mmarti02.mmarti02.mmarti02
8,663,1,"2015-09-30 15:10:51","0000-00-00 00:00:00",mmarti02.mmarti02.mmarti02
8,662,1,"2015-09-30 15:10:51","0000-00-00 00:00:00",mmarti02.mmarti02.mmarti02
8,661,1,"2015-09-30 15:10:51","0000-00-00 00:00:00",mmarti02.mmarti02.mmarti02
8,660,1,"2015-09-30 15:10:51","0000-00-00 00:00:00",mmarti02.mmarti02.mmarti02
8,659,1,"2015-09-30 15:10:51","0000-00-00 00:00:00",mmarti02.mmarti02.mmarti02
8,658,1,"2015-09-30 15:10:51","0000-00-00 00:00:00",mmarti02.mmarti02.mmarti02
8,657,1,"2015-09-30 15:10:51","0000-00-00 00:00:00",mmarti02.mmarti02.mmarti02
8,656,1,"2015-09-30 15:10:51","0000-00-00 00:00:00",mmarti02.mmarti02.mmarti02
8,655,1,"2015-09-30 15:10:51","0000-00-00 00:00:00",mmarti02.mmarti02.mmarti02
8,654,1,"2015-09-30 15:10:51","0000-00-00 00:00:00",mmarti02.mmarti02.mmarti02
8,653,1,"2015-09-30 15:10:51","0000-00-00 00:00:00",mmarti02.mmarti02.mmarti02
8,652,1,"2015-09-30 15:10:51","0000-00-00 00:00:00",mmarti02.mmarti02.mmarti02
8,651,1,"2015-09-30 15:10:51","0000-00-00 00:00:00",mmarti02.mmarti02.mmarti02
8,650,1,"2015-09-30 15:10:51","0000-00-00 00:00:00",mmarti02.mmarti02.mmarti02
8,649,1,"2015-09-30 15:10:51","0000-00-00 00:00:00",mmarti02.mmarti02.mmarti02
8,648,1,"2015-09-30 15:10:51","0000-00-00 00:00:00",mmarti02.mmarti02.mmarti02
8,647,1,"2015-09-30 15:10:51","0000-00-00 00:00:00",mmarti02.mmarti02.mmarti02
8,646,1,"2015-09-30 15:10:51","0000-00-00 00:00:00",mmarti02.mmarti02.mmarti02
8,645,1,"2015-09-30 15:10:51","0000-00-00 00:00:00",mmarti02.mmarti02.mmarti02
8,644,1,"2015-09-30 15:10:51","0000-00-00 00:00:00",mmarti02.mmarti02.mmarti02
8,643,1,"2015-09-30 15:10:51","0000-00-00 00:00:00",mmarti02.mmarti02.mmarti02
8,642,1,"2015-09-30 15:10:51","0000-00-00 00:00:00",mmarti02.mmarti02.mmarti02
8,641,1,"2015-09-30 15:10:51","0000-00-00 00:00:00",mmarti02.mmarti02.mmarti02
8,640,1,"2015-09-30 15:10:51","0000-00-00 00:00:00",mmarti02.mmarti02.mmarti02
8,639,1,"2015-09-30 15:10:51","0000-00-00 00:00:00",mmarti02.mmarti02.mmarti02
8,638,1,"2015-09-30 15:10:51","0000-00-00 00:00:00",mmarti02.mmarti02.mmarti02
8,637,1,"2015-09-30 15:10:51","0000-00-00 00:00:00",mmarti02.mmarti02.mmarti02
8,636,1,"2015-09-30 15:10:51","0000-00-00 00:00:00",mmarti02.mmarti02.mmarti02
8,635,1,"2015-09-30 15:10:51","0000-00-00 00:00:00",mmarti02.mmarti02.mmarti02
8,634,1,"2015-09-30 15:10:51","0000-00-00 00:00:00",mmarti02.mmarti02.mmarti02
8,633,1,"2015-09-30 15:10:51","0000-00-00 00:00:00",mmarti02.mmarti02.mmarti02
8,632,1,"2015-09-30 15:10:51","0000-00-00 00:00:00",mmarti02.mmarti02.mmarti02
8,631,1,"2015-09-30 15:10:51","0000-00-00 00:00:00",mmarti02.mmarti02.mmarti02
8,630,1,"2015-09-30 15:10:51","0000-00-00 00:00:00",mmarti02.mmarti02.mmarti02
8,629,1,"2015-09-30 15:10:51","0000-00-00 00:00:00",mmarti02.mmarti02.mmarti02
8,628,1,"2015-09-30 15:10:51","0000-00-00 00:00:00",mmarti02.mmarti02.mmarti02
8,627,1,"2015-09-30 15:10:51","0000-00-00 00:00:00",mmarti02.mmarti02.mmarti02
8,626,1,"2015-09-30 15:10:51","0000-00-00 00:00:00",mmarti02.mmarti02.mmarti02
8,625,1,"2015-09-30 15:10:51","0000-00-00 00:00:00",mmarti02.mmarti02.mmarti02
8,624,1,"2015-09-30 15:10:51","0000-00-00 00:00:00",mmarti02.mmarti02.mmarti02
8,623,1,"2015-09-30 15:10:51","0000-00-00 00:00:00",mmarti02.mmarti02.mmarti02
8,622,1,"2015-09-30 15:10:51","0000-00-00 00:00:00",mmarti02.mmarti02.mmarti02
8,621,1,"2015-09-30 15:10:51","0000-00-00 00:00:00",mmarti02.mmarti02.mmarti02
8,620,1,"2015-09-30 15:10:51","0000-00-00 00:00:00",mmarti02.mmarti02.mmarti02
8,619,1,"2015-09-30 15:10:51","0000-00-00 00:00:00",mmarti02.mmarti02.mmarti02
8,618,1,"2015-09-30 15:10:51","0000-00-00 00:00:00",mmarti02.mmarti02.mmarti02
8,617,1,"2015-09-30 15:10:51","0000-00-00 00:00:00",mmarti02.mmarti02.mmarti02
8,616,1,"2015-09-30 15:10:51","0000-00-00 00:00:00",mmarti02.mmarti02.mmarti02
8,615,1,"2015-09-30 15:10:51","0000-00-00 00:00:00",mmarti02.mmarti02.mmarti02
8,614,1,"2015-09-30 15:10:51","0000-00-00 00:00:00",mmarti02.mmarti02.mmarti02
8,613,1,"2015-09-30 15:10:51","0000-00-00 00:00:00",mmarti02.mmarti02.mmarti02
8,612,1,"2015-09-30 15:10:51","0000-00-00 00:00:00",mmarti02.mmarti02.mmarti02
8,611,1,"2015-09-30 15:10:51","0000-00-00 00:00:00",mmarti02.mmarti02.mmarti02
8,610,1,"2015-09-30 15:10:51","0000-00-00 00:00:00",mmarti02.mmarti02.mmarti02
8,609,1,"2015-09-30 15:10:51","0000-00-00 00:00:00",mmarti02.mmarti02.mmarti02
8,607,1,"2015-09-30 15:10:51","0000-00-00 00:00:00",mmarti02.mmarti02.mmarti02
8,605,1,"2015-09-30 15:10:51","0000-00-00 00:00:00",mmarti02.mmarti02.mmarti02
8,603,1,"2015-09-30 15:10:51","0000-00-00 00:00:00",mmarti02.mmarti02.mmarti02
8,601,1,"2015-09-30 15:10:51","0000-00-00 00:00:00",mmarti02.mmarti02.mmarti02
8,599,1,"2015-09-30 15:10:51","0000-00-00 00:00:00",mmarti02.mmarti02.mmarti02
8,597,1,"2015-09-30 15:10:51","0000-00-00 00:00:00",mmarti02.mmarti02.mmarti02
8,595,1,"2015-09-30 15:10:51","0000-00-00 00:00:00",mmarti02.mmarti02.mmarti02
8,593,1,"2015-09-30 15:10:51","0000-00-00 00:00:00",mmarti02.mmarti02.mmarti02
8,591,1,"2015-09-30 15:10:51","0000-00-00 00:00:00",mmarti02.mmarti02.mmarti02
8,589,1,"2015-09-30 15:10:51","0000-00-00 00:00:00",mmarti02.mmarti02.mmarti02
8,587,1,"2015-09-30 15:10:51","0000-00-00 00:00:00",mmarti02.mmarti02.mmarti02
8,585,1,"2015-09-30 15:10:51","0000-00-00 00:00:00",mmarti02.mmarti02.mmarti02
8,583,1,"2015-09-30 15:10:51","0000-00-00 00:00:00",mmarti02.mmarti02.mmarti02
8,581,1,"2015-09-30 15:10:51","0000-00-00 00:00:00",mmarti02.mmarti02.mmarti02
8,579,1,"2015-09-30 15:10:51","0000-00-00 00:00:00",mmarti02.mmarti02.mmarti02
8,577,1,"2015-09-30 15:10:51","0000-00-00 00:00:00",mmarti02.mmarti02.mmarti02
8,575,1,"2015-09-30 15:10:51","0000-00-00 00:00:00",mmarti02.mmarti02.mmarti02
8,573,1,"2015-09-30 15:10:51","0000-00-00 00:00:00",mmarti02.mmarti02.mmarti02
8,571,1,"2015-09-30 15:10:51","0000-00-00 00:00:00",mmarti02.mmarti02.mmarti02
8,569,1,"2015-09-30 15:10:51","0000-00-00 00:00:00",mmarti02.mmarti02.mmarti02
8,567,1,"2015-09-30 15:10:51","0000-00-00 00:00:00",mmarti02.mmarti02.mmarti02
8,565,1,"2015-09-30 15:10:51","0000-00-00 00:00:00",mmarti02.mmarti02.mmarti02
8,563,1,"2015-09-30 15:10:51","0000-00-00 00:00:00",mmarti02.mmarti02.mmarti02
8,561,1,"2015-09-30 15:10:51","0000-00-00 00:00:00",mmarti02.mmarti02.mmarti02
8,559,1,"2015-09-30 15:10:51","0000-00-00 00:00:00",mmarti02.mmarti02.mmarti02
8,557,1,"2015-09-30 15:10:51","0000-00-00 00:00:00",mmarti02.mmarti02.mmarti02
8,555,1,"2015-09-30 15:10:51","0000-00-00 00:00:00",mmarti02.mmarti02.mmarti02
8,553,1,"2015-09-30 15:10:51","0000-00-00 00:00:00",mmarti02.mmarti02.mmarti02
8,551,1,"2015-09-30 15:10:51","0000-00-00 00:00:00",mmarti02.mmarti02.mmarti02
8,549,1,"2015-09-30 15:10:51","0000-00-00 00:00:00",mmarti02.mmarti02.mmarti02
8,547,1,"2015-09-30 15:10:51","0000-00-00 00:00:00",mmarti02.mmarti02.mmarti02
8,545,1,"2015-09-30 15:10:51","0000-00-00 00:00:00",mmarti02.mmarti02.mmarti02
8,543,1,"2015-09-30 15:10:51","0000-00-00 00:00:00",mmarti02.mmarti02.mmarti02
8,541,1,"2015-09-30 15:10:51","0000-00-00 00:00:00",mmarti02.mmarti02.mmarti02
8,539,1,"2015-09-30 15:10:51","0000-00-00 00:00:00",mmarti02.mmarti02.mmarti02
8,537,1,"2015-09-30 15:10:51","0000-00-00 00:00:00",mmarti02.mmarti02.mmarti02
8,535,1,"2015-09-30 15:10:51","0000-00-00 00:00:00",mmarti02.mmarti02.mmarti02
8,533,1,"2015-09-30 15:10:51","0000-00-00 00:00:00",mmarti02.mmarti02.mmarti02
8,531,1,"2015-09-30 15:10:51","0000-00-00 00:00:00",mmarti02.mmarti02.mmarti02
8,529,1,"2015-09-30 15:10:51","0000-00-00 00:00:00",mmarti02.mmarti02.mmarti02
8,527,1,"2015-09-30 15:10:51","0000-00-00 00:00:00",mmarti02.mmarti02.mmarti02
8,525,1,"2015-09-30 15:10:51","0000-00-00 00:00:00",mmarti02.mmarti02.mmarti02
8,523,1,"2015-09-30 15:10:51","0000-00-00 00:00:00",mmarti02.mmarti02.mmarti02
8,521,1,"2015-09-30 15:10:51","0000-00-00 00:00:00",mmarti02.mmarti02.mmarti02
8,519,1,"2015-09-30 15:10:51","0000-00-00 00:00:00",mmarti02.mmarti02.mmarti02
8,517,1,"2015-09-30 15:10:51","0000-00-00 00:00:00",mmarti02.mmarti02.mmarti02
8,515,1,"2015-09-30 15:10:51","0000-00-00 00:00:00",mmarti02.mmarti02.mmarti02
8,513,1,"2015-09-30 15:10:51","0000-00-00 00:00:00",mmarti02.mmarti02.mmarti02
8,511,1,"2015-09-30 15:10:51","0000-00-00 00:00:00",mmarti02.mmarti02.mmarti02
8,509,1,"2015-09-30 15:10:51","0000-00-00 00:00:00",mmarti02.mmarti02.mmarti02
8,507,1,"2015-09-30 15:10:51","0000-00-00 00:00:00",mmarti02.mmarti02.mmarti02
8,505,1,"2015-09-30 15:10:51","0000-00-00 00:00:00",mmarti02.mmarti02.mmarti02
8,503,1,"2015-09-30 15:10:51","0000-00-00 00:00:00",mmarti02.mmarti02.mmarti02
8,501,1,"2015-09-30 15:10:51","0000-00-00 00:00:00",mmarti02.mmarti02.mmarti02
8,499,1,"2015-09-30 15:10:51","0000-00-00 00:00:00",mmarti02.mmarti02.mmarti02
8,497,1,"2015-09-30 15:10:51","0000-00-00 00:00:00",mmarti02.mmarti02.mmarti02
8,495,1,"2015-09-30 15:10:51","0000-00-00 00:00:00",mmarti02.mmarti02.mmarti02
8,493,1,"2015-09-30 15:10:51","0000-00-00 00:00:00",mmarti02.mmarti02.mmarti02
8,491,1,"2015-09-30 15:10:51","0000-00-00 00:00:00",mmarti02.mmarti02.mmarti02
8,489,1,"2015-09-30 15:10:51","0000-00-00 00:00:00",mmarti02.mmarti02.mmarti02
8,487,1,"2015-09-30 15:10:51","0000-00-00 00:00:00",mmarti02.mmarti02.mmarti02
8,485,1,"2015-09-30 15:10:51","0000-00-00 00:00:00",mmarti02.mmarti02.mmarti02
8,483,1,"2015-09-30 15:10:51","0000-00-00 00:00:00",mmarti02.mmarti02.mmarti02
8,481,1,"2015-09-30 15:10:51","0000-00-00 00:00:00",mmarti02.mmarti02.mmarti02
8,479,1,"2015-09-30 15:10:51","0000-00-00 00:00:00",mmarti02.mmarti02.mmarti02
8,477,1,"2015-09-30 15:10:51","0000-00-00 00:00:00",mmarti02.mmarti02.mmarti02
8,475,1,"2015-09-30 15:10:51","0000-00-00 00:00:00",mmarti02.mmarti02.mmarti02
8,473,1,"2015-09-30 15:10:51","0000-00-00 00:00:00",mmarti02.mmarti02.mmarti02
8,471,1,"2015-09-30 15:10:51","0000-00-00 00:00:00",mmarti02.mmarti02.mmarti02
8,469,1,"2015-09-30 15:10:51","0000-00-00 00:00:00",mmarti02.mmarti02.mmarti02
8,467,1,"2015-09-30 15:10:51","0000-00-00 00:00:00",mmarti02.mmarti02.mmarti02
8,465,1,"2015-09-30 15:10:51","0000-00-00 00:00:00",mmarti02.mmarti02.mmarti02
8,463,1,"2015-09-30 15:10:51","0000-00-00 00:00:00",mmarti02.mmarti02.mmarti02
8,461,1,"2015-09-30 15:10:51","0000-00-00 00:00:00",mmarti02.mmarti02.mmarti02
8,459,1,"2015-09-30 15:10:51","0000-00-00 00:00:00",mmarti02.mmarti02.mmarti02
8,457,1,"2015-09-30 15:10:51","0000-00-00 00:00:00",mmarti02.mmarti02.mmarti02
8,455,1,"2015-09-30 15:10:51","0000-00-00 00:00:00",mmarti02.mmarti02.mmarti02
8,453,1,"2015-09-30 15:10:51","0000-00-00 00:00:00",mmarti02.mmarti02.mmarti02
8,451,1,"2015-09-30 15:10:51","0000-00-00 00:00:00",mmarti02.mmarti02.mmarti02
8,449,1,"2015-09-30 15:10:51","0000-00-00 00:00:00",mmarti02.mmarti02.mmarti02
8,447,1,"2015-09-30 15:10:51","0000-00-00 00:00:00",mmarti02.mmarti02.mmarti02
8,445,1,"2015-09-30 15:10:51","0000-00-00 00:00:00",mmarti02.mmarti02.mmarti02
8,443,1,"2015-09-30 15:10:51","0000-00-00 00:00:00",mmarti02.mmarti02.mmarti02
8,441,1,"2015-09-30 15:10:51","0000-00-00 00:00:00",mmarti02.mmarti02.mmarti02
8,439,1,"2015-09-30 15:10:51","0000-00-00 00:00:00",mmarti02.mmarti02.mmarti02
8,437,1,"2015-09-30 15:10:51","0000-00-00 00:00:00",mmarti02.mmarti02.mmarti02
8,435,1,"2015-09-30 15:10:51","0000-00-00 00:00:00",mmarti02.mmarti02.mmarti02
8,433,1,"2015-09-30 15:10:51","0000-00-00 00:00:00",mmarti02.mmarti02.mmarti02
8,431,1,"2015-09-30 15:10:51","0000-00-00 00:00:00",mmarti02.mmarti02.mmarti02
8,429,1,"2015-09-30 15:10:51","0000-00-00 00:00:00",mmarti02.mmarti02.mmarti02
8,427,1,"2015-09-30 15:10:51","0000-00-00 00:00:00",mmarti02.mmarti02.mmarti02
8,425,1,"2015-09-30 15:10:51","0000-00-00 00:00:00",mmarti02.mmarti02.mmarti02
8,423,1,"2015-09-30 15:10:51","0000-00-00 00:00:00",mmarti02.mmarti02.mmarti02
8,421,1,"2015-09-30 15:10:51","0000-00-00 00:00:00",mmarti02.mmarti02.mmarti02
8,419,1,"2015-09-30 15:10:51","0000-00-00 00:00:00",mmarti02.mmarti02.mmarti02
8,417,1,"2015-09-30 15:10:51","0000-00-00 00:00:00",mmarti02.mmarti02.mmarti02
8,415,1,"2015-09-30 15:10:51","0000-00-00 00:00:00",mmarti02.mmarti02.mmarti02
8,413,1,"2015-09-30 15:10:51","0000-00-00 00:00:00",mmarti02.mmarti02.mmarti02
8,411,1,"2015-09-30 15:10:51","0000-00-00 00:00:00",mmarti02.mmarti02.mmarti02
8,409,1,"2015-09-30 15:10:51","0000-00-00 00:00:00",mmarti02.mmarti02.mmarti02
8,407,1,"2015-09-30 15:10:51","0000-00-00 00:00:00",mmarti02.mmarti02.mmarti02
8,405,1,"2015-09-30 15:10:51","0000-00-00 00:00:00",mmarti02.mmarti02.mmarti02
8,403,1,"2015-09-30 15:10:51","0000-00-00 00:00:00",mmarti02.mmarti02.mmarti02
8,401,1,"2015-09-30 15:10:51","0000-00-00 00:00:00",mmarti02.mmarti02.mmarti02
8,399,1,"2015-09-30 15:10:51","0000-00-00 00:00:00",mmarti02.mmarti02.mmarti02
8,397,1,"2015-09-30 15:10:51","0000-00-00 00:00:00",mmarti02.mmarti02.mmarti02
8,395,1,"2015-09-30 15:10:51","0000-00-00 00:00:00",mmarti02.mmarti02.mmarti02
8,393,1,"2015-09-30 15:10:51","0000-00-00 00:00:00",mmarti02.mmarti02.mmarti02
8,391,1,"2015-09-30 15:10:51","0000-00-00 00:00:00",mmarti02.mmarti02.mmarti02
8,389,1,"2015-09-30 15:10:51","0000-00-00 00:00:00",mmarti02.mmarti02.mmarti02
8,387,1,"2015-09-30 15:10:51","0000-00-00 00:00:00",mmarti02.mmarti02.mmarti02
8,385,1,"2015-09-30 15:10:51","0000-00-00 00:00:00",mmarti02.mmarti02.mmarti02
8,383,1,"2015-09-30 15:10:51","0000-00-00 00:00:00",mmarti02.mmarti02.mmarti02
8,381,1,"2015-09-30 15:10:51","0000-00-00 00:00:00",mmarti02.mmarti02.mmarti02
8,379,1,"2015-09-30 15:10:51","0000-00-00 00:00:00",mmarti02.mmarti02.mmarti02
8,377,1,"2015-09-30 15:10:51","0000-00-00 00:00:00",mmarti02.mmarti02.mmarti02
8,375,1,"2015-09-30 15:10:51","0000-00-00 00:00:00",mmarti02.mmarti02.mmarti02
8,373,1,"2015-09-30 15:10:51","0000-00-00 00:00:00",mmarti02.mmarti02.mmarti02
8,371,1,"2015-09-30 15:10:51","0000-00-00 00:00:00",mmarti02.mmarti02.mmarti02
8,369,1,"2015-09-30 15:10:51","0000-00-00 00:00:00",mmarti02.mmarti02.mmarti02
8,367,1,"2015-09-30 15:10:51","0000-00-00 00:00:00",mmarti02.mmarti02.mmarti02
8,365,1,"2015-09-30 15:10:51","0000-00-00 00:00:00",mmarti02.mmarti02.mmarti02
8,363,1,"2015-09-30 15:10:51","0000-00-00 00:00:00",mmarti02.mmarti02.mmarti02
8,361,1,"2015-09-30 15:10:51","0000-00-00 00:00:00",mmarti02.mmarti02.mmarti02
8,359,1,"2015-09-30 15:10:51","0000-00-00 00:00:00",mmarti02.mmarti02.mmarti02
8,357,1,"2015-09-30 15:10:51","0000-00-00 00:00:00",mmarti02.mmarti02.mmarti02
8,355,1,"2015-09-30 15:10:51","0000-00-00 00:00:00",mmarti02.mmarti02.mmarti02
8,353,1,"2015-09-30 15:10:51","0000-00-00 00:00:00",mmarti02.mmarti02.mmarti02
8,351,1,"2015-09-30 15:10:51","0000-00-00 00:00:00",mmarti02.mmarti02.mmarti02
8,349,1,"2015-09-30 15:10:51","0000-00-00 00:00:00",mmarti02.mmarti02.mmarti02
8,347,1,"2015-09-30 15:10:51","0000-00-00 00:00:00",mmarti02.mmarti02.mmarti02
8,345,1,"2015-09-30 15:10:51","0000-00-00 00:00:00",mmarti02.mmarti02.mmarti02
8,343,1,"2015-09-30 15:10:51","0000-00-00 00:00:00",mmarti02.mmarti02.mmarti02
8,341,1,"2015-09-30 15:10:51","0000-00-00 00:00:00",mmarti02.mmarti02.mmarti02
8,339,1,"2015-09-30 15:10:51","0000-00-00 00:00:00",mmarti02.mmarti02.mmarti02
8,337,1,"2015-09-30 15:10:51","0000-00-00 00:00:00",mmarti02.mmarti02.mmarti02
8,335,1,"2015-09-30 15:10:51","0000-00-00 00:00:00",mmarti02.mmarti02.mmarti02
8,333,1,"2015-09-30 15:10:51","0000-00-00 00:00:00",mmarti02.mmarti02.mmarti02
8,331,1,"2015-09-30 15:10:51","0000-00-00 00:00:00",mmarti02.mmarti02.mmarti02
8,329,1,"2015-09-30 15:10:51","0000-00-00 00:00:00",mmarti02.mmarti02.mmarti02
8,327,1,"2015-09-30 15:10:51","0000-00-00 00:00:00",mmarti02.mmarti02.mmarti02
8,325,1,"2015-09-30 15:10:51","0000-00-00 00:00:00",mmarti02.mmarti02.mmarti02
8,323,1,"2015-09-30 15:10:51","0000-00-00 00:00:00",mmarti02.mmarti02.mmarti02
8,321,1,"2015-09-30 15:10:51","0000-00-00 00:00:00",mmarti02.mmarti02.mmarti02
8,319,1,"2015-09-30 15:10:51","0000-00-00 00:00:00",mmarti02.mmarti02.mmarti02
5,144,1,"2015-09-30 15:12:20","0000-00-00 00:00:00",mmarti02.mmarti02.mmarti02
5,143,1,"2015-09-30 15:12:20","0000-00-00 00:00:00",mmarti02.mmarti02.mmarti02
5,142,1,"2015-09-30 15:12:20","0000-00-00 00:00:00",mmarti02.mmarti02.mmarti02
5,141,1,"2015-09-30 15:12:20","0000-00-00 00:00:00",mmarti02.mmarti02.mmarti02
5,140,1,"2015-09-30 15:12:20","0000-00-00 00:00:00",mmarti02.mmarti02.mmarti02
5,139,1,"2015-09-30 15:12:20","0000-00-00 00:00:00",mmarti02.mmarti02.mmarti02
5,138,1,"2015-09-30 15:12:20","0000-00-00 00:00:00",mmarti02.mmarti02.mmarti02
5,137,1,"2015-09-30 15:12:20","0000-00-00 00:00:00",mmarti02.mmarti02.mmarti02
5,136,1,"2015-09-30 15:12:20","0000-00-00 00:00:00",mmarti02.mmarti02.mmarti02
5,135,1,"2015-09-30 15:12:20","0000-00-00 00:00:00",mmarti02.mmarti02.mmarti02
5,134,1,"2015-09-30 15:12:20","0000-00-00 00:00:00",mmarti02.mmarti02.mmarti02
5,133,1,"2015-09-30 15:12:20","0000-00-00 00:00:00",mmarti02.mmarti02.mmarti02
5,132,1,"2015-09-30 15:12:20","0000-00-00 00:00:00",mmarti02.mmarti02.mmarti02
5,131,1,"2015-09-30 15:12:20","0000-00-00 00:00:00",mmarti02.mmarti02.mmarti02
5,130,1,"2015-09-30 15:12:20","0000-00-00 00:00:00",mmarti02.mmarti02.mmarti02
5,129,1,"2015-09-30 15:12:20","0000-00-00 00:00:00",mmarti02.mmarti02.mmarti02
5,128,1,"2015-09-30 15:12:20","0000-00-00 00:00:00",mmarti02.mmarti02.mmarti02
5,127,1,"2015-09-30 15:12:20","0000-00-00 00:00:00",mmarti02.mmarti02.mmarti02
5,126,1,"2015-09-30 15:12:20","0000-00-00 00:00:00",mmarti02.mmarti02.mmarti02
5,125,1,"2015-09-30 15:12:20","0000-00-00 00:00:00",mmarti02.mmarti02.mmarti02
5,124,1,"2015-09-30 15:12:20","0000-00-00 00:00:00",mmarti02.mmarti02.mmarti02
5,123,1,"2015-09-30 15:12:20","0000-00-00 00:00:00",mmarti02.mmarti02.mmarti02
5,122,1,"2015-09-30 15:12:20","0000-00-00 00:00:00",mmarti02.mmarti02.mmarti02
5,120,1,"2015-09-30 15:12:20","0000-00-00 00:00:00",mmarti02.mmarti02.mmarti02
5,119,1,"2015-09-30 15:12:20","0000-00-00 00:00:00",mmarti02.mmarti02.mmarti02
5,118,1,"2015-09-30 15:12:20","0000-00-00 00:00:00",mmarti02.mmarti02.mmarti02
5,117,1,"2015-09-30 15:12:20","0000-00-00 00:00:00",mmarti02.mmarti02.mmarti02
5,116,1,"2015-09-30 15:12:20","0000-00-00 00:00:00",mmarti02.mmarti02.mmarti02
5,114,1,"2015-09-30 15:12:20","0000-00-00 00:00:00",mmarti02.mmarti02.mmarti02
5,113,1,"2015-09-30 15:12:20","0000-00-00 00:00:00",mmarti02.mmarti02.mmarti02
5,112,1,"2015-09-30 15:12:20","0000-00-00 00:00:00",mmarti02.mmarti02.mmarti02
5,111,1,"2015-09-30 15:12:20","0000-00-00 00:00:00",mmarti02.mmarti02.mmarti02
5,110,1,"2015-09-30 15:12:20","0000-00-00 00:00:00",mmarti02.mmarti02.mmarti02
5,109,1,"2015-09-30 15:12:20","0000-00-00 00:00:00",mmarti02.mmarti02.mmarti02
5,108,1,"2015-09-30 15:12:20","0000-00-00 00:00:00",mmarti02.mmarti02.mmarti02
5,107,1,"2015-09-30 15:12:20","0000-00-00 00:00:00",mmarti02.mmarti02.mmarti02
5,106,1,"2015-09-30 15:12:20","0000-00-00 00:00:00",mmarti02.mmarti02.mmarti02
5,105,1,"2015-09-30 15:12:20","0000-00-00 00:00:00",mmarti02.mmarti02.mmarti02
5,104,1,"2015-09-30 15:12:20","0000-00-00 00:00:00",mmarti02.mmarti02.mmarti02
5,103,1,"2015-09-30 15:12:20","0000-00-00 00:00:00",mmarti02.mmarti02.mmarti02
5,102,1,"2015-09-30 15:12:20","0000-00-00 00:00:00",mmarti02.mmarti02.mmarti02
5,101,1,"2015-09-30 15:12:20","0000-00-00 00:00:00",mmarti02.mmarti02.mmarti02
5,100,1,"2015-09-30 15:12:20","0000-00-00 00:00:00",mmarti02.mmarti02.mmarti02
5,99,1,"2015-09-30 15:12:20","0000-00-00 00:00:00",mmarti02.mmarti02.mmarti02
5,98,1,"2015-09-30 15:12:20","0000-00-00 00:00:00",mmarti02.mmarti02.mmarti02
5,97,1,"2015-09-30 15:12:20","0000-00-00 00:00:00",mmarti02.mmarti02.mmarti02
5,96,1,"2015-09-30 15:12:20","0000-00-00 00:00:00",mmarti02.mmarti02.mmarti02
5,95,1,"2015-09-30 15:12:20","0000-00-00 00:00:00",mmarti02.mmarti02.mmarti02
5,94,1,"2015-09-30 15:12:20","0000-00-00 00:00:00",mmarti02.mmarti02.mmarti02
5,93,1,"2015-09-30 15:12:20","0000-00-00 00:00:00",mmarti02.mmarti02.mmarti02
5,92,1,"2015-09-30 15:12:20","0000-00-00 00:00:00",mmarti02.mmarti02.mmarti02
5,91,1,"2015-09-30 15:12:20","0000-00-00 00:00:00",mmarti02.mmarti02.mmarti02
5,90,1,"2015-09-30 15:12:20","0000-00-00 00:00:00",mmarti02.mmarti02.mmarti02
5,89,1,"2015-09-30 15:12:20","0000-00-00 00:00:00",mmarti02.mmarti02.mmarti02
5,88,1,"2015-09-30 15:12:20","0000-00-00 00:00:00",mmarti02.mmarti02.mmarti02
5,87,1,"2015-09-30 15:12:20","0000-00-00 00:00:00",mmarti02.mmarti02.mmarti02
5,86,1,"2015-09-30 15:12:20","0000-00-00 00:00:00",mmarti02.mmarti02.mmarti02
5,85,1,"2015-09-30 15:12:20","0000-00-00 00:00:00",mmarti02.mmarti02.mmarti02
5,84,1,"2015-09-30 15:12:20","0000-00-00 00:00:00",mmarti02.mmarti02.mmarti02
5,83,1,"2015-09-30 15:12:20","0000-00-00 00:00:00",mmarti02.mmarti02.mmarti02
5,82,1,"2015-09-30 15:12:20","0000-00-00 00:00:00",mmarti02.mmarti02.mmarti02
5,81,1,"2015-09-30 15:12:20","0000-00-00 00:00:00",mmarti02.mmarti02.mmarti02
5,80,1,"2015-09-30 15:12:20","0000-00-00 00:00:00",mmarti02.mmarti02.mmarti02
5,79,1,"2015-09-30 15:12:20","0000-00-00 00:00:00",mmarti02.mmarti02.mmarti02
5,78,1,"2015-09-30 15:12:20","0000-00-00 00:00:00",mmarti02.mmarti02.mmarti02
5,77,1,"2015-09-30 15:12:20","0000-00-00 00:00:00",mmarti02.mmarti02.mmarti02
5,76,1,"2015-09-30 15:12:20","0000-00-00 00:00:00",mmarti02.mmarti02.mmarti02
5,75,1,"2015-09-30 15:12:20","0000-00-00 00:00:00",mmarti02.mmarti02.mmarti02
5,74,1,"2015-09-30 15:12:20","0000-00-00 00:00:00",mmarti02.mmarti02.mmarti02
5,73,1,"2015-09-30 15:12:20","0000-00-00 00:00:00",mmarti02.mmarti02.mmarti02
5,72,1,"2015-09-30 15:12:20","0000-00-00 00:00:00",mmarti02.mmarti02.mmarti02
5,71,1,"2015-09-30 15:12:20","0000-00-00 00:00:00",mmarti02.mmarti02.mmarti02
5,70,1,"2015-09-30 15:12:20","0000-00-00 00:00:00",mmarti02.mmarti02.mmarti02
5,69,1,"2015-09-30 15:12:20","0000-00-00 00:00:00",mmarti02.mmarti02.mmarti02
5,68,1,"2015-09-30 15:12:20","0000-00-00 00:00:00",mmarti02.mmarti02.mmarti02
5,67,1,"2015-09-30 15:12:20","0000-00-00 00:00:00",mmarti02.mmarti02.mmarti02
5,66,1,"2015-09-30 15:12:20","0000-00-00 00:00:00",mmarti02.mmarti02.mmarti02
5,65,1,"2015-09-30 15:12:20","0000-00-00 00:00:00",mmarti02.mmarti02.mmarti02
5,64,1,"2015-09-30 15:12:20","0000-00-00 00:00:00",mmarti02.mmarti02.mmarti02
5,63,1,"2015-09-30 15:12:20","0000-00-00 00:00:00",mmarti02.mmarti02.mmarti02
