"aeid","m0id","m1id","m2id","m3id","m4id"
797,430748046,449243302,424939723,482775747,18609966
797,430752654,449243303,424939722,482775748,18609966
797,430764942,449243304,424939721,482775749,18609966
797,430754190,449243305,424939720,482775750,18609966
797,430761870,449243306,424939719,482775751,18609966
797,430763406,449243307,424939718,482775752,18609966
797,430746510,449243308,424939717,482775753,18609966
797,430744974,449243309,424939716,482775754,18609966
797,430751118,449243310,424939715,482775755,18609966
797,430758798,449243311,424939714,482775756,18609966
797,430755726,449243312,424939713,482775757,18609966
797,430766478,449243313,424939712,482775758,18609966
797,430749582,449243314,424939711,482775759,18609966
797,430757262,449243315,424939710,482775760,18609966
797,430760334,449243316,424939709,482775761,18609966
797,430377914,449243317,424939708,482775762,18609966
797,430385594,449243318,424939707,482775763,18609966
797,430422415,449243319,424939706,482775764,18609966
797,430388666,449243320,424939705,482775765,18609966
797,430393274,449243321,424939704,482775766,18609966
797,430391738,449243322,424939703,482775767,18609966
797,430387130,449243323,424939702,482775768,18609966
797,430384058,449243324,424939701,482775769,18609966
797,430382522,449243325,424939700,482775770,18609966
797,430425487,449243330,424939699,482775771,18609966
797,430423951,449243331,424939698,482775772,18609966
797,430440847,449243334,424939697,482775773,18609966
797,430433167,449243341,424939696,482775774,18609966
797,430436239,449243342,424939695,482775775,18609966
797,430396346,449243343,424939694,482775776,18609966
797,430430095,449243348,424939693,482775777,18609966
797,430376378,449243349,424939692,482775778,18609966
797,430434703,449243350,424939691,482775779,18609966
797,430442383,449243351,424939690,482775780,18609966
797,430437775,449243352,424939689,482775781,18609966
797,430443919,449243353,424939688,482775782,18609966
797,430428559,449243354,424939687,482775783,18609966
797,430431631,449243355,424939686,482775784,18609966
797,430427023,449243356,424939685,482775785,18609966
797,430439311,449243357,424939684,482775786,18609966
797,430380986,449243358,424939683,482775787,18609966
797,430394810,449243359,424939682,482775788,18609966
797,430397882,449243360,424939681,482775789,18609966
797,430390202,449243361,424939680,482775790,18609966
